id,updated,birthDate,birthDateMask,canton,council,dateOfDeathMask,entryDateMask,faction,firstName,function,gender,lastName,leavingDateMask,membership,party,placeOfCitizenship,hasMorePages,dateOfDeath
3867,2022-03-09T20:21:55Z,1958-11-26T00:00:00Z,YYYY-MM-DD,"{'id': 0, 'abbreviation': 'BE', 'code': 'KAN_0_'}",CN,YYYY-MM-DD,YYYY-MM-DD,"{'id': 4, 'abbreviation': 'V'}",Andreas,m,m,Aebi,YYYY-MM-DD,"{'id': 0, 'entryDate': '2011-12-05T00:00:00Z', 'leavingDate': '2015-11-29T00:00:00Z'}","{'id': 0, 'abbreviation': 'UDC', 'name': None}",Wynigen (BE),,
4049,2022-03-09T20:21:55Z,1967-10-18T00:00:00Z,YYYY-MM-DD,"{'id': 0, 'abbreviation': 'BE', 'code': 'KAN_0_'}",CN,YYYY-MM-DD,YYYY-MM-DD,"{'id': 2, 'abbreviation': 'S'}",Matthias,m,m,Aebischer,YYYY-MM-DD,"{'id': 0, 'entryDate': '2011-12-05T00:00:00Z', 'leavingDate': '2015-11-29T00:00:00Z'}","{'id': 0, 'abbreviation': 'PSS', 'name': None}",Guggisberg (BE),,
4053,2022-03-09T20:21:55Z,1979-01-13T00:00:00Z,YYYY-MM-DD,"{'id': 0, 'abbreviation': 'ZG', 'code': 'KAN_0_'}",CN,YYYY-MM-DD,YYYY-MM-DD,"{'id': 4, 'abbreviation': 'V'}",Thomas,m,m,Aeschi,YYYY-MM-DD,"{'id': 0, 'entryDate': '2011-12-05T00:00:00Z', 'leavingDate': '2015-11-29T00:00:00Z'}","{'id': 0, 'abbreviation': 'UDC', 'name': None}","Basel (BS), Himmelried (SO), Baar (ZG)",,
1131,2022-03-09T20:21:55Z,1978-07-16T00:00:00Z,YYYY-MM-DD,"{'id': 0, 'abbreviation': 'BE', 'code': 'KAN_0_'}",CN,YYYY-MM-DD,YYYY-MM-DD,"{'id': 2, 'abbreviation': 'S'}",Evi,m,f,Allemann,YYYY-MM-DD,"{'id': 0, 'entryDate': '2011-12-05T00:00:00Z', 'leavingDate': '2015-11-29T00:00:00Z'}","{'id': 0, 'abbreviation': 'PSS', 'name': None}","Köniz (BE), Welschenrohr (SO)",,
4107,2022-03-09T20:21:55Z,1973-09-14T00:00:00Z,YYYY-MM-DD,"{'id': 0, 'abbreviation': 'VD', 'code': 'KAN_0_'}",CN,YYYY-MM-DD,YYYY-MM-DD,"{'id': 2, 'abbreviation': 'S'}",Cesla,m,f,Amarelle,YYYY-MM-DD,"{'id': 0, 'entryDate': '2011-12-05T00:00:00Z', 'leavingDate': '2015-11-29T00:00:00Z'}","{'id': 0, 'abbreviation': 'PSS', 'name': None}","Winterthur (ZH), Yverdon-les-Bains (VD)",,
4090,2022-03-09T20:21:55Z,1979-03-15T00:00:00Z,YYYY-MM-DD,"{'id': 0, 'abbreviation': 'GE', 'code': 'KAN_0_'}",CN,YYYY-MM-DD,YYYY-MM-DD,"{'id': 4, 'abbreviation': 'V'}",Céline,m,f,Amaudruz,YYYY-MM-DD,"{'id': 0, 'entryDate': '2011-12-05T00:00:00Z', 'leavingDate': '2015-11-29T00:00:00Z'}","{'id': 0, 'abbreviation': 'UDC', 'name': None}",Lutry (VD),,
1288,2022-03-09T20:21:55Z,1962-06-07T00:00:00Z,YYYY-MM-DD,"{'id': 0, 'abbreviation': 'VS', 'code': 'KAN_0_'}",CN,YYYY-MM-DD,YYYY-MM-DD,"{'id': 3, 'abbreviation': 'CE'}",Viola,m,f,Amherd,YYYY-MM-DD,"{'id': 0, 'entryDate': '2011-12-05T00:00:00Z', 'leavingDate': '2015-11-29T00:00:00Z'}","{'id': 0, 'abbreviation': 'PDC', 'name': None}","Mund (VS), Brig-Glis (VS), Zwischbergen (VS), Naters (VS)",,
1135,2022-03-09T20:21:55Z,1953-12-02T00:00:00Z,YYYY-MM-DD,"{'id': 0, 'abbreviation': 'BE', 'code': 'KAN_0_'}",CN,YYYY-MM-DD,YYYY-MM-DD,"{'id': 4, 'abbreviation': 'V'}",Adrian,m,m,Amstutz,YYYY-MM-DD,"{'id': 0, 'entryDate': '2011-12-05T00:00:00Z', 'leavingDate': '2012-01-21T00:00:00Z'}","{'id': 0, 'abbreviation': 'UDC', 'name': None}",Sigriswil (BE),,
1135,2022-03-09T20:21:55Z,1953-12-02T00:00:00Z,YYYY-MM-DD,"{'id': 0, 'abbreviation': 'BE', 'code': 'KAN_0_'}",CN,YYYY-MM-DD,YYYY-MM-DD,"{'id': 4, 'abbreviation': 'V'}",Adrian,m,m,Amstutz,YYYY-MM-DD,"{'id': 0, 'entryDate': '2012-01-22T00:00:00Z', 'leavingDate': '2015-11-29T00:00:00Z'}","{'id': 0, 'abbreviation': 'UDC', 'name': None}",Sigriswil (BE),,
3833,2022-03-09T20:21:55Z,1949-04-07T00:00:00Z,YYYY-MM-DD,"{'id': 0, 'abbreviation': 'VD', 'code': 'KAN_0_'}",CN,YYYY-MM-DD,YYYY-MM-DD,"{'id': 2, 'abbreviation': 'S'}",Josiane,m,f,Aubert,YYYY-MM-DD,"{'id': 0, 'entryDate': '2011-12-05T00:00:00Z', 'leavingDate': '2014-06-01T00:00:00Z'}","{'id': 0, 'abbreviation': 'PSS', 'name': None}",Le Chenit (VD),,
404,2022-03-09T20:21:55Z,1953-10-01T00:00:00Z,YYYY-MM-DD,"{'id': 0, 'abbreviation': 'BL', 'code': 'KAN_0_'}",CN,YYYY-MM-DD,YYYY-MM-DD,"{'id': 4, 'abbreviation': 'V'}",Caspar,m,m,Baader,YYYY-MM-DD,"{'id': 0, 'entryDate': '2011-12-05T00:00:00Z', 'leavingDate': '2012-01-21T00:00:00Z'}","{'id': 0, 'abbreviation': 'UDC', 'name': None}",Gelterkinden (BL),,
404,2022-03-09T20:21:55Z,1953-10-01T00:00:00Z,YYYY-MM-DD,"{'id': 0, 'abbreviation': 'BL', 'code': 'KAN_0_'}",CN,YYYY-MM-DD,YYYY-MM-DD,"{'id': 4, 'abbreviation': 'V'}",Caspar,m,m,Baader,YYYY-MM-DD,"{'id': 0, 'entryDate': '2012-01-22T00:00:00Z', 'leavingDate': '2014-07-31T00:00:00Z'}","{'id': 0, 'abbreviation': 'UDC', 'name': None}",Gelterkinden (BL),,
4058,2022-03-09T20:21:55Z,1961-11-12T00:00:00Z,YYYY-MM-DD,"{'id': 0, 'abbreviation': 'ZH', 'code': 'KAN_0_'}",CN,YYYY-MM-DD,YYYY-MM-DD,"{'id': 2, 'abbreviation': 'S'}",Jacqueline,m,f,Badran,YYYY-MM-DD,"{'id': 0, 'entryDate': '2011-12-05T00:00:00Z', 'leavingDate': '2015-11-29T00:00:00Z'}","{'id': 0, 'abbreviation': 'PSS', 'name': None}","Auswil (BE), Zürich (ZH)",,
4138,2022-03-09T20:21:55Z,1982-01-13T00:00:00Z,YYYY-MM-DD,"{'id': 0, 'abbreviation': 'GE', 'code': 'KAN_0_'}",CN,YYYY-MM-DD,YYYY-MM-DD,"{'id': 3, 'abbreviation': 'CE'}",Guillaume,m,m,Barazzone,YYYY-MM-DD,"{'id': 0, 'entryDate': '2013-12-09T00:00:00Z', 'leavingDate': '2015-11-29T00:00:00Z'}","{'id': 0, 'abbreviation': 'PDC', 'name': None}",Avusy (GE),,
1289,2022-03-09T20:21:55Z,1960-09-03T00:00:00Z,YYYY-MM-DD,"{'id': 0, 'abbreviation': 'GE', 'code': 'KAN_0_'}",CN,YYYY-MM-DD,YYYY-MM-DD,"{'id': 3, 'abbreviation': 'CE'}",Luc,m,m,Barthassat,YYYY-MM-DD,"{'id': 0, 'entryDate': '2011-12-05T00:00:00Z', 'leavingDate': '2013-12-05T00:00:00Z'}","{'id': 0, 'abbreviation': 'PDC', 'name': None}",Bardonnex (GE),,
1138,2022-03-09T20:21:55Z,1964-06-03T00:00:00Z,YYYY-MM-DD,"{'id': 0, 'abbreviation': 'ZH', 'code': 'KAN_0_'}",CN,YYYY-MM-DD,YYYY-MM-DD,"{'id': 137, 'abbreviation': 'GL'}",Martin,m,m,Bäumle,YYYY-MM-DD,"{'id': 0, 'entryDate': '2011-12-05T00:00:00Z', 'leavingDate': '2015-11-29T00:00:00Z'}","{'id': 0, 'abbreviation': 'pvl', 'name': None}","Hombrechtikon (ZH), Zürich (ZH), Dübendorf (ZH)",,
350,2022-03-09T20:21:55Z,1955-09-14T00:00:00Z,YYYY-MM-DD,"{'id': 0, 'abbreviation': 'GE', 'code': 'KAN_0_'}",CN,YYYY-MM-DD,YYYY-MM-DD,"{'id': 2, 'abbreviation': 'S'}",Maria,m,f,Bernasconi,YYYY-MM-DD,"{'id': 0, 'entryDate': '2011-12-05T00:00:00Z', 'leavingDate': '2015-11-29T00:00:00Z'}","{'id': 0, 'abbreviation': 'PSS', 'name': None}",Lancy (GE),,
4102,2022-03-09T20:21:55Z,1979-07-02T00:00:00Z,YYYY-MM-DD,"{'id': 0, 'abbreviation': 'BE', 'code': 'KAN_0_'}",CN,YYYY-MM-DD,YYYY-MM-DD,"{'id': 137, 'abbreviation': 'GL'}",Kathrin,m,f,Bertschy,YYYY-MM-DD,"{'id': 0, 'entryDate': '2011-12-05T00:00:00Z', 'leavingDate': '2015-11-29T00:00:00Z'}","{'id': 0, 'abbreviation': 'pvl', 'name': None}","Düdingen (FR), Bern (BE)",,
15,2022-03-09T20:21:55Z,1947-11-26T00:00:00Z,YYYY-MM-DD,"{'id': 0, 'abbreviation': 'ZH', 'code': 'KAN_0_'}",CN,YYYY-MM-DD,YYYY-MM-DD,"{'id': 4, 'abbreviation': 'V'}",Max,m,m,Binder,YYYY-MM-DD,"{'id': 0, 'entryDate': '2011-12-05T00:00:00Z', 'leavingDate': '2015-11-29T00:00:00Z'}","{'id': 0, 'abbreviation': 'UDC', 'name': None}",Illnau-Effretikon (ZH),,
4030,2022-03-09T20:21:55Z,1959-02-04T00:00:00Z,YYYY-MM-DD,"{'id': 0, 'abbreviation': 'LU', 'code': 'KAN_0_'}",CN,YYYY-MM-DD,YYYY-MM-DD,"{'id': 2, 'abbreviation': 'S'}",Prisca,m,f,Birrer-Heimo,YYYY-MM-DD,"{'id': 0, 'entryDate': '2011-12-05T00:00:00Z', 'leavingDate': '2015-11-29T00:00:00Z'}","{'id': 0, 'abbreviation': 'PSS', 'name': None}",Emmen (LU),,
3871,2022-03-09T20:21:55Z,1959-02-24T00:00:00Z,YYYY-MM-DD,"{'id': 0, 'abbreviation': 'SO', 'code': 'KAN_0_'}",CN,YYYY-MM-DD,YYYY-MM-DD,"{'id': 3, 'abbreviation': 'CE'}",Pirmin,m,m,Bischof,YYYY-MM-DD,"{'id': 0, 'entryDate': '2011-12-05T00:00:00Z', 'leavingDate': '2011-12-11T00:00:00Z'}","{'id': 0, 'abbreviation': 'PDC', 'name': None}","Eggersriet (SG), Grub (SG)",,
21,2022-03-09T20:21:55Z,1940-10-11T00:00:00Z,YYYY-MM-DD,"{'id': 0, 'abbreviation': 'ZH', 'code': 'KAN_0_'}",CN,YYYY-MM-DD,YYYY-MM-DD,"{'id': 4, 'abbreviation': 'V'}",Christoph,m,m,Blocher,YYYY-MM-DD,"{'id': 0, 'entryDate': '2011-12-05T00:00:00Z', 'leavingDate': '2014-05-31T00:00:00Z'}","{'id': 0, 'abbreviation': 'UDC', 'name': None}","Schattenhalb (BE), Zürich (ZH), Meilen (ZH), Lü (GR)",,
4050,2022-03-09T20:21:55Z,1964-12-24T00:00:00Z,YYYY-MM-DD,"{'id': 0, 'abbreviation': 'TG', 'code': 'KAN_0_'}",CN,YYYY-MM-DD,YYYY-MM-DD,"{'id': 137, 'abbreviation': 'GL'}",Thomas,m,m,Böhni,YYYY-MM-DD,"{'id': 0, 'entryDate': '2011-12-05T00:00:00Z', 'leavingDate': '2015-11-29T00:00:00Z'}","{'id': 0, 'abbreviation': 'pvl', 'name': None}",Stein am Rhein (SH),,
26,2022-03-09T20:21:55Z,1951-01-27T00:00:00Z,YYYY-MM-DD,"{'id': 0, 'abbreviation': 'SO', 'code': 'KAN_0_'}",CN,YYYY-MM-DD,YYYY-MM-DD,"{'id': 4, 'abbreviation': 'V'}",Roland F.,m,m,Borer,YYYY-MM-DD,"{'id': 0, 'entryDate': '2011-12-05T00:00:00Z', 'leavingDate': '2015-11-29T00:00:00Z'}","{'id': 0, 'abbreviation': 'UDC', 'name': None}",Kleinlützel (SO),,
28,2022-03-09T20:21:55Z,1947-02-16T00:00:00Z,YYYY-MM-DD,"{'id': 0, 'abbreviation': 'ZH', 'code': 'KAN_0_'}",CN,YYYY-MM-DD,YYYY-MM-DD,"{'id': 4, 'abbreviation': 'V'}",Toni,m,m,Bortoluzzi,YYYY-MM-DD,"{'id': 0, 'entryDate': '2011-12-05T00:00:00Z', 'leavingDate': '2015-11-29T00:00:00Z'}","{'id': 0, 'abbreviation': 'UDC', 'name': None}",Affoltern am Albis (ZH),,
3872,2022-03-09T20:21:55Z,1958-03-14T00:00:00Z,YYYY-MM-DD,"{'id': 0, 'abbreviation': 'FR', 'code': 'KAN_0_'}",CN,YYYY-MM-DD,YYYY-MM-DD,"{'id': 1, 'abbreviation': 'RL'}",Jacques,m,m,Bourgeois,YYYY-MM-DD,"{'id': 0, 'entryDate': '2011-12-05T00:00:00Z', 'leavingDate': '2015-11-29T00:00:00Z'}","{'id': 0, 'abbreviation': 'PLR', 'name': None}","Vullierens (VD), Ballaigues (VD)",,
4067,2022-03-09T20:21:55Z,1955-09-06T00:00:00Z,YYYY-MM-DD,"{'id': 0, 'abbreviation': 'GR', 'code': 'KAN_0_'}",CN,YYYY-MM-DD,YYYY-MM-DD,"{'id': 4, 'abbreviation': 'V'}",Heinz,m,m,Brand,YYYY-MM-DD,"{'id': 0, 'entryDate': '2011-12-05T00:00:00Z', 'leavingDate': '2015-11-29T00:00:00Z'}","{'id': 0, 'abbreviation': 'UDC', 'name': None}",Trachselwald (BE),,
307,2022-03-09T20:21:55Z,1974-08-23T00:00:00Z,YYYY-MM-DD,"{'id': 0, 'abbreviation': 'SG', 'code': 'KAN_0_'}",CN,YYYY-MM-DD,YYYY-MM-DD,"{'id': 4, 'abbreviation': 'V'}",Toni,m,m,Brunner,YYYY-MM-DD,"{'id': 0, 'entryDate': '2011-12-05T00:00:00Z', 'leavingDate': '2015-11-29T00:00:00Z'}","{'id': 0, 'abbreviation': 'UDC', 'name': None}","Hemberg (SG), Ebnat-Kappel (SG)",,
4025,2022-03-09T20:21:55Z,1965-10-08T00:00:00Z,YYYY-MM-DD,"{'id': 0, 'abbreviation': 'SG', 'code': 'KAN_0_'}",CN,YYYY-MM-DD,YYYY-MM-DD,"{'id': 4, 'abbreviation': 'V'}",Roland Rino,m,m,Büchel,YYYY-MM-DD,"{'id': 0, 'entryDate': '2011-12-05T00:00:00Z', 'leavingDate': '2015-11-29T00:00:00Z'}","{'id': 0, 'abbreviation': 'UDC', 'name': None}",Rüthi (Rheintal) (SG),,
1104,2022-03-09T20:21:55Z,1952-05-29T00:00:00Z,YYYY-MM-DD,"{'id': 0, 'abbreviation': 'SG', 'code': 'KAN_0_'}",CN,YYYY-MM-DD,YYYY-MM-DD,"{'id': 3, 'abbreviation': 'CE'}",Jakob,m,m,Büchler,YYYY-MM-DD,"{'id': 0, 'entryDate': '2011-12-05T00:00:00Z', 'leavingDate': '2015-11-29T00:00:00Z'}","{'id': 0, 'abbreviation': 'PDC', 'name': None}",Appenzell (AI),,
453,2022-03-09T20:21:55Z,1947-09-13T00:00:00Z,YYYY-MM-DD,"{'id': 0, 'abbreviation': 'VD', 'code': 'KAN_0_'}",CN,YYYY-MM-DD,YYYY-MM-DD,"{'id': 4, 'abbreviation': 'V'}",André,m,m,Bugnon,YYYY-MM-DD,"{'id': 0, 'entryDate': '2011-12-05T00:00:00Z', 'leavingDate': '2015-11-29T00:00:00Z'}","{'id': 0, 'abbreviation': 'UDC', 'name': None}",St-Prex (VD),,
4101,2022-03-09T20:21:55Z,1959-10-13T00:00:00Z,YYYY-MM-DD,"{'id': 0, 'abbreviation': 'FR', 'code': 'KAN_0_'}",CN,YYYY-MM-DD,YYYY-MM-DD,"{'id': 3, 'abbreviation': 'CE'}",Christine,m,f,Bulliard-Marbach,YYYY-MM-DD,"{'id': 0, 'entryDate': '2011-12-05T00:00:00Z', 'leavingDate': '2015-11-29T00:00:00Z'}","{'id': 0, 'abbreviation': 'PDC', 'name': None}",Gibloux (FR),,
4086,2022-03-09T20:21:55Z,1977-07-12T00:00:00Z,YYYY-MM-DD,"{'id': 0, 'abbreviation': 'VS', 'code': 'KAN_0_'}",CN,YYYY-MM-DD,YYYY-MM-DD,"{'id': 3, 'abbreviation': 'CE'}",Yannick,m,m,Buttet,YYYY-MM-DD,"{'id': 0, 'entryDate': '2011-12-05T00:00:00Z', 'leavingDate': '2015-11-29T00:00:00Z'}","{'id': 0, 'abbreviation': 'PDC', 'name': None}",Collombey-Muraz (VS),,
4070,2022-03-09T20:21:55Z,1980-08-20T00:00:00Z,YYYY-MM-DD,"{'id': 0, 'abbreviation': 'GR', 'code': 'KAN_0_'}",CN,YYYY-MM-DD,YYYY-MM-DD,"{'id': 3, 'abbreviation': 'CE'}",Martin,m,m,Candinas,YYYY-MM-DD,"{'id': 0, 'entryDate': '2011-12-05T00:00:00Z', 'leavingDate': '2015-11-29T00:00:00Z'}","{'id': 0, 'abbreviation': 'PDC', 'name': None}",Sumvitg (GR),,
3830,2022-03-09T20:21:55Z,1966-06-12T00:00:00Z,YYYY-MM-DD,"{'id': 0, 'abbreviation': 'TI', 'code': 'KAN_0_'}",CN,YYYY-MM-DD,YYYY-MM-DD,"{'id': 2, 'abbreviation': 'S'}",Marina,m,f,Carobbio Guscetti,YYYY-MM-DD,"{'id': 0, 'entryDate': '2011-12-05T00:00:00Z', 'leavingDate': '2015-11-29T00:00:00Z'}","{'id': 0, 'abbreviation': 'PSS', 'name': None}","Blenio (TI), Campo (Blenio) (TI)",,
4075,2022-03-09T20:21:55Z,1980-04-19T00:00:00Z,YYYY-MM-DD,"{'id': 0, 'abbreviation': 'AR', 'code': 'KAN_0_'}",CN,YYYY-MM-DD,YYYY-MM-DD,"{'id': 1, 'abbreviation': 'RL'}",Andrea,m,m,Caroni,YYYY-MM-DD,"{'id': 0, 'entryDate': '2011-12-05T00:00:00Z', 'leavingDate': '2015-11-29T00:00:00Z'}","{'id': 0, 'abbreviation': 'PLR', 'name': None}","Grub (AR), Mendrisio (TI)",,
3828,2022-03-09T20:21:55Z,1961-04-13T00:00:00Z,YYYY-MM-DD,"{'id': 0, 'abbreviation': 'TI', 'code': 'KAN_0_'}",CN,YYYY-MM-DD,YYYY-MM-DD,"{'id': 1, 'abbreviation': 'RL'}",Ignazio,m,m,Cassis,YYYY-MM-DD,"{'id': 0, 'entryDate': '2011-12-05T00:00:00Z', 'leavingDate': '2015-11-29T00:00:00Z'}","{'id': 0, 'abbreviation': 'PLR', 'name': None}","Biasca (TI), Sessa (TI)",,
4108,2022-03-09T20:21:55Z,1972-04-13T00:00:00Z,YYYY-MM-DD,"{'id': 0, 'abbreviation': 'VD', 'code': 'KAN_0_'}",CN,YYYY-MM-DD,YYYY-MM-DD,"{'id': 137, 'abbreviation': 'GL'}",Isabelle,m,f,Chevalley,YYYY-MM-DD,"{'id': 0, 'entryDate': '2011-12-05T00:00:00Z', 'leavingDate': '2015-11-29T00:00:00Z'}","{'id': 0, 'abbreviation': 'pvl', 'name': None}","Denezy (VD), Montanaire (VD)",,
4007,2022-03-09T20:21:55Z,1966-08-30T00:00:00Z,YYYY-MM-DD,"{'id': 0, 'abbreviation': 'AG', 'code': 'KAN_0_'}",CN,YYYY-MM-DD,YYYY-MM-DD,"{'id': 2, 'abbreviation': 'S'}",Max,m,m,Chopard-Acklin,YYYY-MM-DD,"{'id': 0, 'entryDate': '2011-12-05T00:00:00Z', 'leavingDate': '2015-11-29T00:00:00Z'}","{'id': 0, 'abbreviation': 'PSS', 'name': None}","Untersiggenthal (AG), Sonvilier (BE)",,
4135,2022-03-09T20:21:55Z,1967-12-18T00:00:00Z,YYYY-MM-DD,"{'id': 0, 'abbreviation': 'NE', 'code': 'KAN_0_'}",CN,YYYY-MM-DD,YYYY-MM-DD,"{'id': 4, 'abbreviation': 'V'}",Raymond,m,m,Clottu,YYYY-MM-DD,"{'id': 0, 'entryDate': '2013-09-09T00:00:00Z', 'leavingDate': '2015-11-29T00:00:00Z'}","{'id': 0, 'abbreviation': 'UDC', 'name': None}","La Sagne (NE), Les Ponts-de-Martel (NE)",,
1133,2022-03-09T20:21:55Z,1971-03-07T00:00:00Z,YYYY-MM-DD,"{'id': 0, 'abbreviation': 'VS', 'code': 'KAN_0_'}",CN,YYYY-MM-DD,YYYY-MM-DD,"{'id': 3, 'abbreviation': 'CE'}",Christophe,m,m,Darbellay,YYYY-MM-DD,"{'id': 0, 'entryDate': '2011-12-05T00:00:00Z', 'leavingDate': '2015-11-29T00:00:00Z'}","{'id': 0, 'abbreviation': 'PDC', 'name': None}",Liddes (VS),,
1124,2022-03-09T20:21:55Z,1956-04-28T00:00:00Z,YYYY-MM-DD,"{'id': 0, 'abbreviation': 'FR', 'code': 'KAN_0_'}",CN,YYYY-MM-DD,YYYY-MM-DD,"{'id': 3, 'abbreviation': 'CE'}",Dominique,m,m,de Buman,YYYY-MM-DD,"{'id': 0, 'entryDate': '2011-12-05T00:00:00Z', 'leavingDate': '2015-11-29T00:00:00Z'}","{'id': 0, 'abbreviation': 'PDC', 'name': None}",Fribourg (FR),,
4051,2022-03-09T20:21:55Z,1966-07-29T00:00:00Z,YYYY-MM-DD,"{'id': 0, 'abbreviation': 'BL', 'code': 'KAN_0_'}",CN,YYYY-MM-DD,YYYY-MM-DD,"{'id': 4, 'abbreviation': 'V'}",Thomas,m,m,de Courten,YYYY-MM-DD,"{'id': 0, 'entryDate': '2011-12-05T00:00:00Z', 'leavingDate': '2015-11-29T00:00:00Z'}","{'id': 0, 'abbreviation': 'UDC', 'name': None}","Geschinen (VS), Sierre (VS)",,
4079,2022-03-09T20:21:55Z,1970-12-04T00:00:00Z,YYYY-MM-DD,"{'id': 0, 'abbreviation': 'VD', 'code': 'KAN_0_'}",CN,YYYY-MM-DD,YYYY-MM-DD,"{'id': 1, 'abbreviation': 'RL'}",Fathi,m,m,Derder,YYYY-MM-DD,"{'id': 0, 'entryDate': '2011-12-05T00:00:00Z', 'leavingDate': '2015-11-29T00:00:00Z'}","{'id': 0, 'abbreviation': 'PLR', 'name': None}",Saas-Almagell (VS),,
4110,2022-03-09T20:21:55Z,1959-11-27T00:00:00Z,YYYY-MM-DD,"{'id': 0, 'abbreviation': 'ZH', 'code': 'KAN_0_'}",CN,YYYY-MM-DD,YYYY-MM-DD,"{'id': 4, 'abbreviation': 'V'}",Hans,m,m,Egloff,YYYY-MM-DD,"{'id': 0, 'entryDate': '2011-12-05T00:00:00Z', 'leavingDate': '2015-11-29T00:00:00Z'}","{'id': 0, 'abbreviation': 'UDC', 'name': None}","Schaffhausen (SH), Aesch (ZH), Niederrohrdorf (AG)",,
3875,2022-03-09T20:21:55Z,1954-10-14T00:00:00Z,YYYY-MM-DD,"{'id': 0, 'abbreviation': 'AG', 'code': 'KAN_0_'}",CN,YYYY-MM-DD,YYYY-MM-DD,"{'id': 1, 'abbreviation': 'RL'}",Corina,m,f,Eichenberger-Walther,YYYY-MM-DD,"{'id': 0, 'entryDate': '2011-12-05T00:00:00Z', 'leavingDate': '2015-11-29T00:00:00Z'}","{'id': 0, 'abbreviation': 'PLR', 'name': None}","Bern (BE), Kölliken (AG), Beinwil am See (AG)",,
3876,2022-03-09T20:21:55Z,1967-02-26T00:00:00Z,YYYY-MM-DD,"{'id': 0, 'abbreviation': 'LU', 'code': 'KAN_0_'}",CN,YYYY-MM-DD,YYYY-MM-DD,"{'id': 4, 'abbreviation': 'V'}",Yvette,m,f,Estermann,YYYY-MM-DD,"{'id': 0, 'entryDate': '2011-12-05T00:00:00Z', 'leavingDate': '2015-11-29T00:00:00Z'}","{'id': 0, 'abbreviation': 'UDC', 'name': None}",Rickenbach (LU),,
4056,2022-03-09T20:21:55Z,1960-08-22T00:00:00Z,YYYY-MM-DD,"{'id': 0, 'abbreviation': 'AI', 'code': 'KAN_0_'}",CN,YYYY-MM-DD,YYYY-MM-DD,"{'id': 3, 'abbreviation': 'CE'}",Daniel,m,m,Fässler,YYYY-MM-DD,"{'id': 0, 'entryDate': '2011-12-05T00:00:00Z', 'leavingDate': '2015-11-29T00:00:00Z'}","{'id': 0, 'abbreviation': 'PDC', 'name': None}",Appenzell (AI),,
395,2022-03-09T20:21:55Z,1951-06-22T00:00:00Z,YYYY-MM-DD,"{'id': 0, 'abbreviation': 'SG', 'code': 'KAN_0_'}",CN,YYYY-MM-DD,YYYY-MM-DD,"{'id': 2, 'abbreviation': 'S'}",Hildegard,m,f,Fässler-Osterwalder,YYYY-MM-DD,"{'id': 0, 'entryDate': '2011-12-05T00:00:00Z', 'leavingDate': '2013-03-03T00:00:00Z'}","{'id': 0, 'abbreviation': 'PSS', 'name': None}","Appenzell (AI), Stettfurt (TG)",,
3922,2022-03-09T20:21:55Z,1972-10-14T00:00:00Z,YYYY-MM-DD,"{'id': 0, 'abbreviation': 'NE', 'code': 'KAN_0_'}",CN,YYYY-MM-DD,YYYY-MM-DD,"{'id': 1, 'abbreviation': 'RL'}",Laurent,m,m,Favre,YYYY-MM-DD,"{'id': 0, 'entryDate': '2011-12-05T00:00:00Z', 'leavingDate': '2014-12-07T00:00:00Z'}","{'id': 0, 'abbreviation': 'PLR', 'name': None}",Val-de-Travers (NE),True,
319,2022-03-09T20:20:58Z,1947-01-14T00:00:00Z,YYYY-MM-DD,"{'id': 0, 'abbreviation': 'ZH', 'code': 'KAN_0_'}",CN,YYYY-MM-DD,YYYY-MM-DD,"{'id': 4, 'abbreviation': 'V'}",Hans,m,m,Fehr,YYYY-MM-DD,"{'id': 0, 'entryDate': '2011-12-05T00:00:00Z', 'leavingDate': '2015-11-29T00:00:00Z'}","{'id': 0, 'abbreviation': 'UDC', 'name': None}",Berg am Irchel (ZH),,
464,2022-03-09T20:20:58Z,1948-08-07T00:00:00Z,YYYY-MM-DD,"{'id': 0, 'abbreviation': 'SH', 'code': 'KAN_0_'}",CN,YYYY-MM-DD,YYYY-MM-DD,"{'id': 2, 'abbreviation': 'S'}",Hans-Jürg,m,m,Fehr,YYYY-MM-DD,"{'id': 0, 'entryDate': '2011-12-05T00:00:00Z', 'leavingDate': '2013-09-08T00:00:00Z'}","{'id': 0, 'abbreviation': 'PSS', 'name': None}",Rheinklingen (TG),,
405,2022-03-09T20:20:58Z,1963-06-01T00:00:00Z,YYYY-MM-DD,"{'id': 0, 'abbreviation': 'ZH', 'code': 'KAN_0_'}",CN,YYYY-MM-DD,YYYY-MM-DD,"{'id': 2, 'abbreviation': 'S'}",Jacqueline,m,f,Fehr,YYYY-MM-DD,"{'id': 0, 'entryDate': '2011-12-05T00:00:00Z', 'leavingDate': '2015-11-29T00:00:00Z'}","{'id': 0, 'abbreviation': 'PSS', 'name': None}","Schaffhausen (SH), Winterthur (ZH), Rüdlingen (SH)",,
4077,2022-03-09T20:20:58Z,1974-08-30T00:00:00Z,YYYY-MM-DD,"{'id': 0, 'abbreviation': 'VD', 'code': 'KAN_0_'}",CN,YYYY-MM-DD,YYYY-MM-DD,"{'id': 1, 'abbreviation': 'RL'}",Olivier,m,m,Feller,YYYY-MM-DD,"{'id': 0, 'entryDate': '2011-12-05T00:00:00Z', 'leavingDate': '2015-11-29T00:00:00Z'}","{'id': 0, 'abbreviation': 'PLR', 'name': None}","Thun (BE), Genolier (VD)",,
4069,2022-03-09T20:20:58Z,1966-03-21T00:00:00Z,YYYY-MM-DD,"{'id': 0, 'abbreviation': 'AG', 'code': 'KAN_0_'}",CN,YYYY-MM-DD,YYYY-MM-DD,"{'id': 2, 'abbreviation': 'S'}",Yvonne,m,f,Feri,YYYY-MM-DD,"{'id': 0, 'entryDate': '2011-12-05T00:00:00Z', 'leavingDate': '2015-11-29T00:00:00Z'}","{'id': 0, 'abbreviation': 'PSS', 'name': None}",Hedingen (ZH),,
3877,2022-03-09T20:20:58Z,1957-01-29T00:00:00Z,YYYY-MM-DD,"{'id': 0, 'abbreviation': 'ZH', 'code': 'KAN_0_'}",CN,YYYY-MM-DD,YYYY-MM-DD,"{'id': 1, 'abbreviation': 'RL'}",Doris,m,f,Fiala,YYYY-MM-DD,"{'id': 0, 'entryDate': '2011-12-05T00:00:00Z', 'leavingDate': '2015-11-29T00:00:00Z'}","{'id': 0, 'abbreviation': 'PLR', 'name': None}",Zürich (ZH),,
4089,2022-03-09T20:20:58Z,1965-04-05T00:00:00Z,YYYY-MM-DD,"{'id': 0, 'abbreviation': 'LU', 'code': 'KAN_0_'}",CN,YYYY-MM-DD,YYYY-MM-DD,"{'id': 137, 'abbreviation': 'GL'}",Roland,m,m,Fischer,YYYY-MM-DD,"{'id': 0, 'entryDate': '2011-12-05T00:00:00Z', 'leavingDate': '2015-11-29T00:00:00Z'}","{'id': 0, 'abbreviation': 'pvl', 'name': None}","Horw (LU), Triengen (LU)",,
4059,2022-03-09T20:20:58Z,1965-01-21T00:00:00Z,YYYY-MM-DD,"{'id': 0, 'abbreviation': 'AG', 'code': 'KAN_0_'}",CN,YYYY-MM-DD,YYYY-MM-DD,"{'id': 137, 'abbreviation': 'GL'}",Beat,m,m,Flach,YYYY-MM-DD,"{'id': 0, 'entryDate': '2011-12-05T00:00:00Z', 'leavingDate': '2015-11-29T00:00:00Z'}","{'id': 0, 'abbreviation': 'pvl', 'name': None}",Maur (ZH),,
3878,2022-03-09T20:20:58Z,1952-06-01T00:00:00Z,YYYY-MM-DD,"{'id': 0, 'abbreviation': 'AG', 'code': 'KAN_0_'}",CN,YYYY-MM-DD,YYYY-MM-DD,"{'id': 4, 'abbreviation': 'V'}",Sylvia,m,f,Flückiger-Bäni,YYYY-MM-DD,"{'id': 0, 'entryDate': '2011-12-05T00:00:00Z', 'leavingDate': '2015-11-29T00:00:00Z'}","{'id': 0, 'abbreviation': 'UDC', 'name': None}","Schöftland (AG), Rüegsau (BE)",,
1122,2022-03-09T20:20:58Z,1955-08-19T00:00:00Z,YYYY-MM-DD,"{'id': 0, 'abbreviation': 'SO', 'code': 'KAN_0_'}",CN,YYYY-MM-DD,YYYY-MM-DD,"{'id': 1, 'abbreviation': 'RL'}",Kurt,m,m,Fluri,YYYY-MM-DD,"{'id': 0, 'entryDate': '2011-12-05T00:00:00Z', 'leavingDate': '2015-11-29T00:00:00Z'}","{'id': 0, 'abbreviation': 'PLR', 'name': None}","Solothurn (SO), Herbetswil (SO)",,
3879,2022-03-09T20:20:58Z,1955-10-01T00:00:00Z,YYYY-MM-DD,"{'id': 0, 'abbreviation': 'VD', 'code': 'KAN_0_'}",CN,YYYY-MM-DD,YYYY-MM-DD,"{'id': 1, 'abbreviation': 'RL'}",Olivier,m,m,Français,YYYY-MM-DD,"{'id': 0, 'entryDate': '2011-12-05T00:00:00Z', 'leavingDate': '2015-11-29T00:00:00Z'}","{'id': 0, 'abbreviation': 'PLR', 'name': None}",Lausanne (VD),,
4042,2022-03-09T20:20:58Z,1973-09-02T00:00:00Z,YYYY-MM-DD,"{'id': 0, 'abbreviation': 'BS', 'code': 'KAN_0_'}",CN,YYYY-MM-DD,YYYY-MM-DD,"{'id': 4, 'abbreviation': 'V'}",Sebastian,m,m,Frehner,YYYY-MM-DD,"{'id': 0, 'entryDate': '2011-12-05T00:00:00Z', 'leavingDate': '2015-11-29T00:00:00Z'}","{'id': 0, 'abbreviation': 'UDC', 'name': None}","Urnäsch (AR), Basel (BS)",,
1127,2022-03-09T20:20:58Z,1960-06-12T00:00:00Z,YYYY-MM-DD,"{'id': 0, 'abbreviation': 'VS', 'code': 'KAN_0_'}",CN,YYYY-MM-DD,YYYY-MM-DD,"{'id': 4, 'abbreviation': 'V'}",Oskar,m,m,Freysinger,YYYY-MM-DD,"{'id': 0, 'entryDate': '2011-12-05T00:00:00Z', 'leavingDate': '2015-11-29T00:00:00Z'}","{'id': 0, 'abbreviation': 'UDC', 'name': None}",Guttet-Feschel (VS),,
4074,2022-03-09T20:20:58Z,1957-11-20T00:00:00Z,YYYY-MM-DD,"{'id': 0, 'abbreviation': 'JU', 'code': 'KAN_0_'}",CN,YYYY-MM-DD,YYYY-MM-DD,"{'id': 2, 'abbreviation': 'S'}",Pierre-Alain,m,m,Fridez,YYYY-MM-DD,"{'id': 0, 'entryDate': '2011-12-05T00:00:00Z', 'leavingDate': '2015-11-29T00:00:00Z'}","{'id': 0, 'abbreviation': 'PSS', 'name': None}",Grandfontaine (JU),,
4131,2022-03-09T20:20:58Z,1960-07-19T00:00:00Z,YYYY-MM-DD,"{'id': 0, 'abbreviation': 'SG', 'code': 'KAN_0_'}",CN,YYYY-MM-DD,YYYY-MM-DD,"{'id': 2, 'abbreviation': 'S'}",Claudia,m,f,Friedl,YYYY-MM-DD,"{'id': 0, 'entryDate': '2013-03-04T00:00:00Z', 'leavingDate': '2015-11-29T00:00:00Z'}","{'id': 0, 'abbreviation': 'PSS', 'name': None}",St. Gallen (SG),,
1125,2022-03-09T20:20:58Z,1972-12-17T00:00:00Z,YYYY-MM-DD,"{'id': 0, 'abbreviation': 'ZH', 'code': 'KAN_0_'}",CN,YYYY-MM-DD,YYYY-MM-DD,"{'id': 2, 'abbreviation': 'S'}",Chantal,m,f,Galladé,YYYY-MM-DD,"{'id': 0, 'entryDate': '2011-12-05T00:00:00Z', 'leavingDate': '2015-11-29T00:00:00Z'}","{'id': 0, 'abbreviation': 'PSS', 'name': None}",Isérables (VS),,
4071,2022-03-09T20:20:58Z,1955-03-15T00:00:00Z,YYYY-MM-DD,"{'id': 0, 'abbreviation': 'BE', 'code': 'KAN_0_'}",CN,YYYY-MM-DD,YYYY-MM-DD,"{'id': 136, 'abbreviation': 'BD'}",Urs,m,m,Gasche,YYYY-MM-DD,"{'id': 0, 'entryDate': '2011-12-05T00:00:00Z', 'leavingDate': '2015-11-29T00:00:00Z'}","{'id': 0, 'abbreviation': 'PBD', 'name': None}","Oekingen (SO), Derendingen (SO)",,
4104,2022-03-09T20:20:58Z,1952-11-17T00:00:00Z,YYYY-MM-DD,"{'id': 0, 'abbreviation': 'GR', 'code': 'KAN_0_'}",CN,YYYY-MM-DD,YYYY-MM-DD,"{'id': 137, 'abbreviation': 'GL'}",Josias F.,m,m,Gasser,YYYY-MM-DD,"{'id': 0, 'entryDate': '2011-12-05T00:00:00Z', 'leavingDate': '2015-11-29T00:00:00Z'}","{'id': 0, 'abbreviation': 'pvl', 'name': None}",Haldenstein (GR),,
3880,2022-03-09T20:20:58Z,1976-08-03T00:00:00Z,YYYY-MM-DD,"{'id': 0, 'abbreviation': 'BE', 'code': 'KAN_0_'}",CN,YYYY-MM-DD,YYYY-MM-DD,"{'id': 4, 'abbreviation': 'V'}",Andrea Martina,m,f,Geissbühler,YYYY-MM-DD,"{'id': 0, 'entryDate': '2011-12-05T00:00:00Z', 'leavingDate': '2015-11-29T00:00:00Z'}","{'id': 0, 'abbreviation': 'UDC', 'name': None}",Lauperswil (BE),,
1117,2022-03-09T20:20:58Z,1958-12-18T00:00:00Z,YYYY-MM-DD,"{'id': 0, 'abbreviation': 'VS', 'code': 'KAN_0_'}",CN,YYYY-MM-DD,YYYY-MM-DD,"{'id': 1, 'abbreviation': 'RL'}",Jean-René,m,m,Germanier,YYYY-MM-DD,"{'id': 0, 'entryDate': '2011-12-05T00:00:00Z', 'leavingDate': '2015-11-29T00:00:00Z'}","{'id': 0, 'abbreviation': 'PLR', 'name': None}","Conthey (VS), Vétroz (VS)",,
91,2022-03-09T20:20:58Z,1953-10-31T00:00:00Z,YYYY-MM-DD,"{'id': 0, 'abbreviation': 'AG', 'code': 'KAN_0_'}",CN,YYYY-MM-DD,YYYY-MM-DD,"{'id': 4, 'abbreviation': 'V'}",Ulrich,m,m,Giezendanner,YYYY-MM-DD,"{'id': 0, 'entryDate': '2011-12-05T00:00:00Z', 'leavingDate': '2015-11-29T00:00:00Z'}","{'id': 0, 'abbreviation': 'UDC', 'name': None}","Rothrist (AG), Wattwil (SG)",,
3881,2022-03-09T20:20:58Z,1957-03-07T00:00:00Z,YYYY-MM-DD,"{'id': 0, 'abbreviation': 'SG', 'code': 'KAN_0_'}",CN,YYYY-MM-DD,YYYY-MM-DD,"{'id': 6, 'abbreviation': 'G'}",Yvonne,m,f,Gilli,YYYY-MM-DD,"{'id': 0, 'entryDate': '2011-12-05T00:00:00Z', 'leavingDate': '2015-11-29T00:00:00Z'}","{'id': 0, 'abbreviation': 'VERT-E-S', 'name': None}",Neudorf (LU),,
3882,2022-03-09T20:20:58Z,1980-12-21T00:00:00Z,YYYY-MM-DD,"{'id': 0, 'abbreviation': 'ZH', 'code': 'KAN_0_'}",CN,YYYY-MM-DD,YYYY-MM-DD,"{'id': 6, 'abbreviation': 'G'}",Bastien,m,m,Girod,YYYY-MM-DD,"{'id': 0, 'entryDate': '2011-12-05T00:00:00Z', 'leavingDate': '2015-11-29T00:00:00Z'}","{'id': 0, 'abbreviation': 'VERT-E-S', 'name': None}",Champoz (BE),,
1337,2022-03-09T20:20:58Z,1958-09-29T00:00:00Z,YYYY-MM-DD,"{'id': 0, 'abbreviation': 'LU', 'code': 'KAN_0_'}",CN,YYYY-MM-DD,YYYY-MM-DD,"{'id': 3, 'abbreviation': 'CE'}",Ida,m,f,Glanzmann-Hunkeler,YYYY-MM-DD,"{'id': 0, 'entryDate': '2011-12-05T00:00:00Z', 'leavingDate': '2015-11-29T00:00:00Z'}","{'id': 0, 'abbreviation': 'PDC', 'name': None}",Altishofen (LU),,
4093,2022-03-09T20:20:58Z,1972-02-12T00:00:00Z,YYYY-MM-DD,"{'id': 0, 'abbreviation': 'ZH', 'code': 'KAN_0_'}",CN,YYYY-MM-DD,YYYY-MM-DD,"{'id': 6, 'abbreviation': 'G'}",Balthasar,m,m,Glättli,YYYY-MM-DD,"{'id': 0, 'entryDate': '2011-12-05T00:00:00Z', 'leavingDate': '2013-11-26T00:00:00Z'}","{'id': 0, 'abbreviation': 'VERT-E-S', 'name': None}",Zürich (ZH),,
4093,2022-03-09T20:20:58Z,1972-02-12T00:00:00Z,YYYY-MM-DD,"{'id': 0, 'abbreviation': 'ZH', 'code': 'KAN_0_'}",CN,YYYY-MM-DD,YYYY-MM-DD,"{'id': 6, 'abbreviation': 'G'}",Balthasar,m,m,Glättli,YYYY-MM-DD,"{'id': 0, 'entryDate': '2013-11-27T00:00:00Z', 'leavingDate': '2015-11-29T00:00:00Z'}","{'id': 0, 'abbreviation': 'VERT-E-S', 'name': None}",Zürich (ZH),,
4096,2022-03-09T20:20:58Z,1955-04-03T00:00:00Z,YYYY-MM-DD,"{'id': 0, 'abbreviation': 'SZ', 'code': 'KAN_0_'}",CN,YYYY-MM-DD,YYYY-MM-DD,"{'id': 3, 'abbreviation': 'CE'}",Alois,m,m,Gmür,YYYY-MM-DD,"{'id': 0, 'entryDate': '2011-12-05T00:00:00Z', 'leavingDate': '2015-11-29T00:00:00Z'}","{'id': 0, 'abbreviation': 'PDC', 'name': None}",Amden (SG),,
4137,2022-03-09T20:20:58Z,1959-09-23T00:00:00Z,YYYY-MM-DD,"{'id': 0, 'abbreviation': 'GE', 'code': 'KAN_0_'}",CN,YYYY-MM-DD,YYYY-MM-DD,"{'id': 99, 'abbreviation': '-'}",Roger,m,m,Golay,YYYY-MM-DD,"{'id': 0, 'entryDate': '2013-12-02T00:00:00Z', 'leavingDate': '2013-12-03T00:00:00Z'}","{'id': 0, 'abbreviation': 'MCG', 'name': None}",Le Chenit (VD),,
4137,2022-03-09T20:20:58Z,1959-09-23T00:00:00Z,YYYY-MM-DD,"{'id': 0, 'abbreviation': 'GE', 'code': 'KAN_0_'}",CN,YYYY-MM-DD,YYYY-MM-DD,"{'id': 4, 'abbreviation': 'V'}",Roger,m,m,Golay,YYYY-MM-DD,"{'id': 0, 'entryDate': '2013-12-04T00:00:00Z', 'leavingDate': '2015-11-29T00:00:00Z'}","{'id': 0, 'abbreviation': 'MCG', 'name': None}",Le Chenit (VD),,
4116,2022-03-09T20:20:58Z,1976-01-12T00:00:00Z,YYYY-MM-DD,"{'id': 0, 'abbreviation': 'SZ', 'code': 'KAN_0_'}",CN,YYYY-MM-DD,YYYY-MM-DD,"{'id': 1, 'abbreviation': 'RL'}",Petra,m,f,Gössi,YYYY-MM-DD,"{'id': 0, 'entryDate': '2011-12-05T00:00:00Z', 'leavingDate': '2015-11-29T00:00:00Z'}","{'id': 0, 'abbreviation': 'PLR', 'name': None}",Küssnacht am Rigi (SZ),,
3884,2022-03-09T20:20:58Z,1946-07-08T00:00:00Z,YYYY-MM-DD,"{'id': 0, 'abbreviation': 'BE', 'code': 'KAN_0_'}",CN,YYYY-MM-DD,YYYY-MM-DD,"{'id': 4, 'abbreviation': 'V'}",Jean-Pierre,m,m,Graber,YYYY-MM-DD,"{'id': 0, 'entryDate': '2015-03-02T00:00:00Z', 'leavingDate': '2015-11-29T00:00:00Z'}","{'id': 0, 'abbreviation': 'UDC', 'name': None}",Sigriswil (BE),,
806,2022-03-09T20:20:58Z,1962-02-28T00:00:00Z,YYYY-MM-DD,"{'id': 0, 'abbreviation': 'BL', 'code': 'KAN_0_'}",CN,YYYY-MM-DD,YYYY-MM-DD,"{'id': 6, 'abbreviation': 'G'}",Maya,m,f,Graf,YYYY-MM-DD,"{'id': 0, 'entryDate': '2011-12-05T00:00:00Z', 'leavingDate': '2012-11-25T00:00:00Z'}","{'id': 0, 'abbreviation': 'VERT-E-S', 'name': None}",Sissach (BL),,
806,2022-03-09T20:20:58Z,1962-02-28T00:00:00Z,YYYY-MM-DD,"{'id': 0, 'abbreviation': 'BL', 'code': 'KAN_0_'}",CN*,YYYY-MM-DD,YYYY-MM-DD,"{'id': 6, 'abbreviation': 'G'}",Maya,p,f,Graf,YYYY-MM-DD,"{'id': 0, 'entryDate': '2012-11-26T00:00:00Z', 'leavingDate': '2013-11-24T00:00:00Z'}","{'id': 0, 'abbreviation': 'VERT-E-S', 'name': None}",Sissach (BL),,
806,2022-03-09T20:20:58Z,1962-02-28T00:00:00Z,YYYY-MM-DD,"{'id': 0, 'abbreviation': 'BL', 'code': 'KAN_0_'}",CN,YYYY-MM-DD,YYYY-MM-DD,"{'id': 6, 'abbreviation': 'G'}",Maya,m,f,Graf,YYYY-MM-DD,"{'id': 0, 'entryDate': '2013-11-25T00:00:00Z', 'leavingDate': '2015-11-29T00:00:00Z'}","{'id': 0, 'abbreviation': 'VERT-E-S', 'name': None}",Sissach (BL),,
1295,2022-03-09T20:20:58Z,1964-03-25T00:00:00Z,YYYY-MM-DD,"{'id': 0, 'abbreviation': 'TG', 'code': 'KAN_0_'}",CN,YYYY-MM-DD,YYYY-MM-DD,"{'id': 2, 'abbreviation': 'S'}",Edith,m,f,Graf-Litscher,YYYY-MM-DD,"{'id': 0, 'entryDate': '2011-12-05T00:00:00Z', 'leavingDate': '2015-11-29T00:00:00Z'}","{'id': 0, 'abbreviation': 'PSS', 'name': None}","Sevelen (SG), Wolfhalden (AR)",,
3885,2022-03-09T20:20:58Z,1947-03-16T00:00:00Z,YYYY-MM-DD,"{'id': 0, 'abbreviation': 'VD', 'code': 'KAN_0_'}",CN,YYYY-MM-DD,YYYY-MM-DD,"{'id': 4, 'abbreviation': 'V'}",Jean-Pierre,m,m,Grin,YYYY-MM-DD,"{'id': 0, 'entryDate': '2011-12-05T00:00:00Z', 'leavingDate': '2015-11-29T00:00:00Z'}","{'id': 0, 'abbreviation': 'UDC', 'name': None}",Belmont-sur-Yverdon (VD),,
97,2022-03-09T20:20:58Z,1952-08-21T00:00:00Z,YYYY-MM-DD,"{'id': 0, 'abbreviation': 'ZH', 'code': 'KAN_0_'}",CN,YYYY-MM-DD,YYYY-MM-DD,"{'id': 2, 'abbreviation': 'S'}",Andreas,m,m,Gross,YYYY-MM-DD,"{'id': 0, 'entryDate': '2011-12-05T00:00:00Z', 'leavingDate': '2015-11-29T00:00:00Z'}","{'id': 0, 'abbreviation': 'PSS', 'name': None}",Zurzach (AG),,
4083,2022-03-09T20:20:58Z,1969-08-24T00:00:00Z,YYYY-MM-DD,"{'id': 0, 'abbreviation': 'BE', 'code': 'KAN_0_'}",CN,YYYY-MM-DD,YYYY-MM-DD,"{'id': 137, 'abbreviation': 'GL'}",Jürg,m,m,Grossen,YYYY-MM-DD,"{'id': 0, 'entryDate': '2011-12-05T00:00:00Z', 'leavingDate': '2015-11-29T00:00:00Z'}","{'id': 0, 'abbreviation': 'pvl', 'name': None}",Kandergrund (BE),,
3886,2022-03-09T20:20:58Z,1956-06-13T00:00:00Z,YYYY-MM-DD,"{'id': 0, 'abbreviation': 'BE', 'code': 'KAN_0_'}",CN,YYYY-MM-DD,YYYY-MM-DD,"{'id': 136, 'abbreviation': 'BD'}",Hans,m,m,Grunder,YYYY-MM-DD,"{'id': 0, 'entryDate': '2011-12-05T00:00:00Z', 'leavingDate': '2015-11-29T00:00:00Z'}","{'id': 0, 'abbreviation': 'PBD', 'name': None}",Vechigen (BE),,
4087,2022-03-09T20:20:58Z,1952-10-31T00:00:00Z,YYYY-MM-DD,"{'id': 0, 'abbreviation': 'JU', 'code': 'KAN_0_'}",CN,YYYY-MM-DD,YYYY-MM-DD,"{'id': 3, 'abbreviation': 'CE'}",Jean-Paul,m,m,Gschwind,YYYY-MM-DD,"{'id': 0, 'entryDate': '2011-12-05T00:00:00Z', 'leavingDate': '2015-11-29T00:00:00Z'}","{'id': 0, 'abbreviation': 'PDC', 'name': None}",Damphreux (JU),,
4082,2022-03-09T20:20:58Z,1972-06-10T00:00:00Z,YYYY-MM-DD,"{'id': 0, 'abbreviation': 'AG', 'code': 'KAN_0_'}",CN,YYYY-MM-DD,YYYY-MM-DD,"{'id': 136, 'abbreviation': 'BD'}",Bernhard,m,m,Guhl,YYYY-MM-DD,"{'id': 0, 'entryDate': '2011-12-05T00:00:00Z', 'leavingDate': '2015-05-03T00:00:00Z'}","{'id': 0, 'abbreviation': 'PBD', 'name': None}",Schlatt (TG),,
4082,2022-03-09T20:20:58Z,1972-06-10T00:00:00Z,YYYY-MM-DD,"{'id': 0, 'abbreviation': 'AG', 'code': 'KAN_0_'}",CN,YYYY-MM-DD,YYYY-MM-DD,"{'id': 136, 'abbreviation': 'BD'}",Bernhard,m,m,Guhl,YYYY-MM-DD,"{'id': 0, 'entryDate': '2015-05-04T00:00:00Z', 'leavingDate': '2015-11-29T00:00:00Z'}","{'id': 0, 'abbreviation': 'PBD', 'name': None}",Schlatt (TG),,
4121,2022-03-09T20:20:58Z,1964-05-14T00:00:00Z,YYYY-MM-DD,"{'id': 0, 'abbreviation': 'SG', 'code': 'KAN_0_'}",CN,YYYY-MM-DD,YYYY-MM-DD,"{'id': 2, 'abbreviation': 'S'}",Barbara,m,f,Gysi,YYYY-MM-DD,"{'id': 0, 'entryDate': '2011-12-12T00:00:00Z', 'leavingDate': '2015-11-29T00:00:00Z'}","{'id': 0, 'abbreviation': 'PSS', 'name': None}","Buchs (AG), Wil (SG)",,
4076,2022-03-09T20:20:58Z,1967-02-06T00:00:00Z,YYYY-MM-DD,"{'id': 0, 'abbreviation': 'SO', 'code': 'KAN_0_'}",CN,YYYY-MM-DD,YYYY-MM-DD,"{'id': 2, 'abbreviation': 'S'}",Philipp,m,m,Hadorn,YYYY-MM-DD,"{'id': 0, 'entryDate': '2011-12-05T00:00:00Z', 'leavingDate': '2015-11-29T00:00:00Z'}","{'id': 0, 'abbreviation': 'PSS', 'name': None}","Gerlafingen (SO), Forst-Längenbühl (BE)",,
472,2022-03-09T20:20:58Z,1948-11-04T00:00:00Z,YYYY-MM-DD,"{'id': 0, 'abbreviation': 'BE', 'code': 'KAN_0_'}",CN,YYYY-MM-DD,YYYY-MM-DD,"{'id': 136, 'abbreviation': 'BD'}",Ursula,m,f,Haller Vannini,YYYY-MM-DD,"{'id': 0, 'entryDate': '2011-12-05T00:00:00Z', 'leavingDate': '2014-11-23T00:00:00Z'}","{'id': 0, 'abbreviation': 'PBD', 'name': None}","Zürich (ZH), Lugano (TI), Hasle b. Burgdorf (BE)",,
4061,2022-03-09T20:20:58Z,1956-04-02T00:00:00Z,YYYY-MM-DD,"{'id': 0, 'abbreviation': 'ZH', 'code': 'KAN_0_'}",CN,YYYY-MM-DD,YYYY-MM-DD,"{'id': 2, 'abbreviation': 'S'}",Thomas,m,m,Hardegger,YYYY-MM-DD,"{'id': 0, 'entryDate': '2011-12-05T00:00:00Z', 'leavingDate': '2015-11-29T00:00:00Z'}","{'id': 0, 'abbreviation': 'PSS', 'name': None}","Gams (SG), Rümlang (ZH)",,
4149,2022-03-09T20:20:58Z,1963-01-11T00:00:00Z,YYYY-MM-DD,"{'id': 0, 'abbreviation': 'BE', 'code': 'KAN_0_'}",CN,YYYY-MM-DD,YYYY-MM-DD,"{'id': 6, 'abbreviation': 'G'}",Christine,m,f,Häsler,YYYY-MM-DD,"{'id': 0, 'entryDate': '2015-06-08T00:00:00Z', 'leavingDate': '2015-11-29T00:00:00Z'}","{'id': 0, 'abbreviation': 'VERT-E-S', 'name': None}","Wilderswil (BE), Lütschental (BE)",,
473,2022-03-09T20:20:58Z,1953-09-23T00:00:00Z,YYYY-MM-DD,"{'id': 0, 'abbreviation': 'GR', 'code': 'KAN_0_'}",CN,YYYY-MM-DD,YYYY-MM-DD,"{'id': 136, 'abbreviation': 'BD'}",Hansjörg,m,m,Hassler,YYYY-MM-DD,"{'id': 0, 'entryDate': '2011-12-05T00:00:00Z', 'leavingDate': '2015-05-03T00:00:00Z'}","{'id': 0, 'abbreviation': 'PBD', 'name': None}","Donat (GR), Maladers (GR)",,
473,2022-03-09T20:20:58Z,1953-09-23T00:00:00Z,YYYY-MM-DD,"{'id': 0, 'abbreviation': 'GR', 'code': 'KAN_0_'}",CN,YYYY-MM-DD,YYYY-MM-DD,"{'id': 136, 'abbreviation': 'BD'}",Hansjörg,m,m,Hassler,YYYY-MM-DD,"{'id': 0, 'entryDate': '2015-05-04T00:00:00Z', 'leavingDate': '2015-11-29T00:00:00Z'}","{'id': 0, 'abbreviation': 'PBD', 'name': None}","Donat (GR), Maladers (GR)",,
4103,2022-03-09T20:20:58Z,1964-09-20T00:00:00Z,YYYY-MM-DD,"{'id': 0, 'abbreviation': 'TG', 'code': 'KAN_0_'}",CN,YYYY-MM-DD,YYYY-MM-DD,"{'id': 4, 'abbreviation': 'V'}",Markus,m,m,Hausammann,YYYY-MM-DD,"{'id': 0, 'entryDate': '2011-12-05T00:00:00Z', 'leavingDate': '2015-11-29T00:00:00Z'}","{'id': 0, 'abbreviation': 'UDC', 'name': None}","Langrickenbach (TG), Altnau (TG)",True,
3887,2022-03-09T20:21:55Z,1961-10-12T00:00:00Z,YYYY-MM-DD,"{'id': 0, 'abbreviation': 'ZH', 'code': 'KAN_0_'}",CN,YYYY-MM-DD,YYYY-MM-DD,"{'id': 4, 'abbreviation': 'V'}",Alfred,m,m,Heer,YYYY-MM-DD,"{'id': 0, 'entryDate': '2011-12-05T00:00:00Z', 'leavingDate': '2015-11-29T00:00:00Z'}","{'id': 0, 'abbreviation': 'UDC', 'name': None}",Glarus (GL),,
1156,2022-03-09T20:21:55Z,1946-04-07T00:00:00Z,YYYY-MM-DD,"{'id': 0, 'abbreviation': 'SO', 'code': 'KAN_0_'}",CN,YYYY-MM-DD,YYYY-MM-DD,"{'id': 2, 'abbreviation': 'S'}",Bea,m,f,Heim,YYYY-MM-DD,"{'id': 0, 'entryDate': '2011-12-05T00:00:00Z', 'leavingDate': '2015-11-29T00:00:00Z'}","{'id': 0, 'abbreviation': 'PSS', 'name': None}","Olten (SO), Walzenhausen (AR), Neuendorf (SO)",,
4129,2022-03-09T20:21:55Z,1956-02-07T00:00:00Z,YYYY-MM-DD,"{'id': 0, 'abbreviation': 'TG', 'code': 'KAN_0_'}",CN,YYYY-MM-DD,YYYY-MM-DD,"{'id': 4, 'abbreviation': 'V'}",Verena,m,f,Herzog,YYYY-MM-DD,"{'id': 0, 'entryDate': '2013-03-04T00:00:00Z', 'leavingDate': '2015-11-29T00:00:00Z'}","{'id': 0, 'abbreviation': 'UDC', 'name': None}","Homburg (TG), Winterthur (ZH)",,
4094,2022-03-09T20:21:55Z,1961-06-28T00:00:00Z,YYYY-MM-DD,"{'id': 0, 'abbreviation': 'BE', 'code': 'KAN_0_'}",CN,YYYY-MM-DD,YYYY-MM-DD,"{'id': 136, 'abbreviation': 'BD'}",Lorenz,m,m,Hess,YYYY-MM-DD,"{'id': 0, 'entryDate': '2011-12-05T00:00:00Z', 'leavingDate': '2015-11-29T00:00:00Z'}","{'id': 0, 'abbreviation': 'PBD', 'name': None}",Bern (BE),,
3888,2022-03-09T20:21:55Z,1969-05-05T00:00:00Z,YYYY-MM-DD,"{'id': 0, 'abbreviation': 'GE', 'code': 'KAN_0_'}",CN,YYYY-MM-DD,YYYY-MM-DD,"{'id': 1, 'abbreviation': 'RL'}",Hugues,m,m,Hiltpold,YYYY-MM-DD,"{'id': 0, 'entryDate': '2011-12-05T00:00:00Z', 'leavingDate': '2015-11-29T00:00:00Z'}","{'id': 0, 'abbreviation': 'PLR', 'name': None}",Carouge (GE),,
3889,2022-03-09T20:21:55Z,1976-02-07T00:00:00Z,YYYY-MM-DD,"{'id': 0, 'abbreviation': 'GE', 'code': 'KAN_0_'}",CN,YYYY-MM-DD,YYYY-MM-DD,"{'id': 6, 'abbreviation': 'G'}",Antonio,m,m,Hodgers,YYYY-MM-DD,"{'id': 0, 'entryDate': '2011-12-05T00:00:00Z', 'leavingDate': '2013-11-26T00:00:00Z'}","{'id': 0, 'abbreviation': 'VERT-E-S', 'name': None}",Meyrin (GE),,
1103,2022-03-09T20:21:55Z,1956-02-29T00:00:00Z,YYYY-MM-DD,"{'id': 0, 'abbreviation': 'UR', 'code': 'KAN_0_'}",CN,YYYY-MM-DD,YYYY-MM-DD,"{'id': 1, 'abbreviation': 'RL'}",Gabi,m,f,Huber,YYYY-MM-DD,"{'id': 0, 'entryDate': '2011-12-05T00:00:00Z', 'leavingDate': '2015-11-29T00:00:00Z'}","{'id': 0, 'abbreviation': 'PLR', 'name': None}",Altdorf (UR),,
1071,2022-03-09T20:21:55Z,1957-07-23T00:00:00Z,YYYY-MM-DD,"{'id': 0, 'abbreviation': 'AG', 'code': 'KAN_0_'}",CN,YYYY-MM-DD,YYYY-MM-DD,"{'id': 3, 'abbreviation': 'CE'}",Ruth,m,f,Humbel,YYYY-MM-DD,"{'id': 0, 'entryDate': '2011-12-05T00:00:00Z', 'leavingDate': '2015-11-29T00:00:00Z'}","{'id': 0, 'abbreviation': 'PDC', 'name': None}","Ittenthal (AG), Birmenstorf (AG)",,
3890,2022-03-09T20:21:55Z,1963-11-01T00:00:00Z,YYYY-MM-DD,"{'id': 0, 'abbreviation': 'SH', 'code': 'KAN_0_'}",CN,YYYY-MM-DD,YYYY-MM-DD,"{'id': 4, 'abbreviation': 'V'}",Thomas,m,m,Hurter,YYYY-MM-DD,"{'id': 0, 'entryDate': '2011-12-05T00:00:00Z', 'leavingDate': '2015-11-29T00:00:00Z'}","{'id': 0, 'abbreviation': 'UDC', 'name': None}","Schaffhausen (SH), Affoltern am Albis (ZH)",,
1126,2022-03-09T20:21:55Z,1957-02-20T00:00:00Z,YYYY-MM-DD,"{'id': 0, 'abbreviation': 'ZH', 'code': 'KAN_0_'}",CN,YYYY-MM-DD,YYYY-MM-DD,"{'id': 1, 'abbreviation': 'RL'}",Markus,m,m,Hutter,YYYY-MM-DD,"{'id': 0, 'entryDate': '2011-12-05T00:00:00Z', 'leavingDate': '2014-05-08T00:00:00Z'}","{'id': 0, 'abbreviation': 'PLR', 'name': None}",Aarburg (AG),,
1118,2022-03-09T20:21:55Z,1941-06-08T00:00:00Z,YYYY-MM-DD,"{'id': 0, 'abbreviation': 'LU', 'code': 'KAN_0_'}",CN,YYYY-MM-DD,YYYY-MM-DD,"{'id': 1, 'abbreviation': 'RL'}",Otto,m,m,Ineichen,YYYY-MM-DD,"{'id': 0, 'entryDate': '2011-12-05T00:00:00Z', 'leavingDate': '2012-06-06T00:00:00Z'}","{'id': 0, 'abbreviation': 'PLR', 'name': None}",Sursee (LU),,2012-06-06T00:00:00Z
4031,2022-03-09T20:21:55Z,1948-05-23T00:00:00Z,YYYY-MM-DD,"{'id': 0, 'abbreviation': 'ZH', 'code': 'KAN_0_'}",CN,YYYY-MM-DD,YYYY-MM-DD,"{'id': 3, 'abbreviation': 'CE'}",Maja,m,f,Ingold,YYYY-MM-DD,"{'id': 0, 'entryDate': '2011-12-05T00:00:00Z', 'leavingDate': '2015-11-29T00:00:00Z'}","{'id': 0, 'abbreviation': 'PEV', 'name': None}",Winterthur (ZH),,
4032,2022-03-09T20:21:55Z,1964-07-12T00:00:00Z,YYYY-MM-DD,"{'id': 0, 'abbreviation': 'BS', 'code': 'KAN_0_'}",CN,YYYY-MM-DD,YYYY-MM-DD,"{'id': 2, 'abbreviation': 'S'}",Beat,m,m,Jans,YYYY-MM-DD,"{'id': 0, 'entryDate': '2011-12-05T00:00:00Z', 'leavingDate': '2015-11-29T00:00:00Z'}","{'id': 0, 'abbreviation': 'PSS', 'name': None}","Mosen (LU), Riehen (BS)",,
478,2022-03-09T20:21:55Z,1950-06-10T00:00:00Z,YYYY-MM-DD,"{'id': 0, 'abbreviation': 'BE', 'code': 'KAN_0_'}",CN,YYYY-MM-DD,YYYY-MM-DD,"{'id': 4, 'abbreviation': 'V'}",Rudolf,m,m,Joder,YYYY-MM-DD,"{'id': 0, 'entryDate': '2011-12-05T00:00:00Z', 'leavingDate': '2015-11-29T00:00:00Z'}","{'id': 0, 'abbreviation': 'UDC', 'name': None}",Muri b. Bern (BE),,
1293,2022-03-09T20:21:55Z,1954-04-30T00:00:00Z,YYYY-MM-DD,"{'id': 0, 'abbreviation': 'NE', 'code': 'KAN_0_'}",CN,YYYY-MM-DD,YYYY-MM-DD,"{'id': 6, 'abbreviation': 'G'}",Francine,m,f,John-Calame,YYYY-MM-DD,"{'id': 0, 'entryDate': '2011-12-05T00:00:00Z', 'leavingDate': '2015-11-29T00:00:00Z'}","{'id': 0, 'abbreviation': 'VERT-E-S', 'name': None}",Eiken (AG),,
3891,2022-03-09T20:21:55Z,1965-03-25T00:00:00Z,YYYY-MM-DD,"{'id': 0, 'abbreviation': 'ZH', 'code': 'KAN_0_'}",CN,YYYY-MM-DD,YYYY-MM-DD,"{'id': 2, 'abbreviation': 'S'}",Daniel,m,m,Jositsch,YYYY-MM-DD,"{'id': 0, 'entryDate': '2011-12-05T00:00:00Z', 'leavingDate': '2015-11-29T00:00:00Z'}","{'id': 0, 'abbreviation': 'PSS', 'name': None}","Stäfa (ZH), Geroldswil (ZH)",,
479,2022-03-09T20:21:55Z,1948-06-13T00:00:00Z,YYYY-MM-DD,"{'id': 0, 'abbreviation': 'ZH', 'code': 'KAN_0_'}",CN,YYYY-MM-DD,YYYY-MM-DD,"{'id': 4, 'abbreviation': 'V'}",Hans,m,m,Kaufmann,YYYY-MM-DD,"{'id': 0, 'entryDate': '2011-12-05T00:00:00Z', 'leavingDate': '2014-05-04T00:00:00Z'}","{'id': 0, 'abbreviation': 'UDC', 'name': None}","Ettiswil (LU), Luzern (LU)",,
4098,2022-03-09T20:21:55Z,1971-04-22T00:00:00Z,YYYY-MM-DD,"{'id': 0, 'abbreviation': 'NW', 'code': 'KAN_0_'}",CN,YYYY-MM-DD,YYYY-MM-DD,"{'id': 4, 'abbreviation': 'V'}",Peter,m,m,Keller,YYYY-MM-DD,"{'id': 0, 'entryDate': '2011-12-05T00:00:00Z', 'leavingDate': '2015-11-29T00:00:00Z'}","{'id': 0, 'abbreviation': 'UDC', 'name': None}",Brütten (ZH),,
4081,2022-03-09T20:21:55Z,1948-12-25T00:00:00Z,YYYY-MM-DD,"{'id': 0, 'abbreviation': 'SG', 'code': 'KAN_0_'}",CN,YYYY-MM-DD,YYYY-MM-DD,"{'id': 137, 'abbreviation': 'GL'}",Margrit,m,f,Kessler,YYYY-MM-DD,"{'id': 0, 'entryDate': '2011-12-05T00:00:00Z', 'leavingDate': '2015-11-29T00:00:00Z'}","{'id': 0, 'abbreviation': 'pvl', 'name': None}",Schaffhausen (SH),,
1147,2022-03-09T20:21:55Z,1953-04-17T00:00:00Z,YYYY-MM-DD,"{'id': 0, 'abbreviation': 'BE', 'code': 'KAN_0_'}",CN,YYYY-MM-DD,YYYY-MM-DD,"{'id': 2, 'abbreviation': 'S'}",Margret,m,f,Kiener Nellen,YYYY-MM-DD,"{'id': 0, 'entryDate': '2011-12-05T00:00:00Z', 'leavingDate': '2015-11-29T00:00:00Z'}","{'id': 0, 'abbreviation': 'PSS', 'name': None}","Bolligen (BE), Baltschieder (VS)",,
3892,2022-03-09T20:21:55Z,1948-03-09T00:00:00Z,YYYY-MM-DD,"{'id': 0, 'abbreviation': 'AG', 'code': 'KAN_0_'}",CN,YYYY-MM-DD,YYYY-MM-DD,"{'id': 4, 'abbreviation': 'V'}",Hans,m,m,Killer,YYYY-MM-DD,"{'id': 0, 'entryDate': '2011-12-05T00:00:00Z', 'leavingDate': '2015-11-29T00:00:00Z'}","{'id': 0, 'abbreviation': 'UDC', 'name': None}",Turgi (AG),,
4114,2022-03-09T20:21:55Z,1960-03-24T00:00:00Z,YYYY-MM-DD,"{'id': 0, 'abbreviation': 'AG', 'code': 'KAN_0_'}",CN,YYYY-MM-DD,YYYY-MM-DD,"{'id': 4, 'abbreviation': 'V'}",Hansjörg,m,m,Knecht,YYYY-MM-DD,"{'id': 0, 'entryDate': '2011-12-05T00:00:00Z', 'leavingDate': '2015-11-29T00:00:00Z'}","{'id': 0, 'abbreviation': 'UDC', 'name': None}",Leibstadt (AG),,
4008,2022-03-09T20:21:55Z,1968-06-30T00:00:00Z,YYYY-MM-DD,"{'id': 0, 'abbreviation': 'GL', 'code': 'KAN_0_'}",CN,YYYY-MM-DD,YYYY-MM-DD,"{'id': 136, 'abbreviation': 'BD'}",Martin,m,m,Landolt,YYYY-MM-DD,"{'id': 0, 'entryDate': '2011-12-05T00:00:00Z', 'leavingDate': '2015-11-29T00:00:00Z'}","{'id': 0, 'abbreviation': 'PBD', 'name': None}",Näfels (GL),,
4099,2022-03-09T20:21:55Z,1955-05-27T00:00:00Z,YYYY-MM-DD,"{'id': 0, 'abbreviation': 'BS', 'code': 'KAN_0_'}",CN,YYYY-MM-DD,YYYY-MM-DD,"{'id': 3, 'abbreviation': 'CE'}",Markus,m,m,Lehmann,YYYY-MM-DD,"{'id': 0, 'entryDate': '2011-12-05T00:00:00Z', 'leavingDate': '2015-11-29T00:00:00Z'}","{'id': 0, 'abbreviation': 'PDC', 'name': None}","Basel (BS), Trimbach (SO)",,
1065,2022-03-09T20:21:55Z,1952-03-26T00:00:00Z,YYYY-MM-DD,"{'id': 0, 'abbreviation': 'GE', 'code': 'KAN_0_'}",CN,YYYY-MM-DD,YYYY-MM-DD,"{'id': 6, 'abbreviation': 'G'}",Ueli,m,m,Leuenberger,YYYY-MM-DD,"{'id': 0, 'entryDate': '2011-12-05T00:00:00Z', 'leavingDate': '2015-11-29T00:00:00Z'}","{'id': 0, 'abbreviation': 'VERT-E-S', 'name': None}",Rohrbachgraben (BE),,
1113,2022-03-09T20:21:55Z,1952-11-25T00:00:00Z,YYYY-MM-DD,"{'id': 0, 'abbreviation': 'ZH', 'code': 'KAN_0_'}",CN,YYYY-MM-DD,YYYY-MM-DD,"{'id': 1, 'abbreviation': 'RL'}",Filippo,m,m,Leutenegger,YYYY-MM-DD,"{'id': 0, 'entryDate': '2011-12-05T00:00:00Z', 'leavingDate': '2014-05-06T00:00:00Z'}","{'id': 0, 'abbreviation': 'PLR', 'name': None}",Thundorf (TG),,
487,2022-03-09T20:21:55Z,1948-03-06T00:00:00Z,YYYY-MM-DD,"{'id': 0, 'abbreviation': 'BL', 'code': 'KAN_0_'}",CN,YYYY-MM-DD,YYYY-MM-DD,"{'id': 2, 'abbreviation': 'S'}",Susanne,m,f,Leutenegger Oberholzer,YYYY-MM-DD,"{'id': 0, 'entryDate': '2011-12-05T00:00:00Z', 'leavingDate': '2015-11-29T00:00:00Z'}","{'id': 0, 'abbreviation': 'PSS', 'name': None}","Goldingen (SG), Solothurn (SO), Bussnang (TG)",,
1150,2022-03-09T20:21:55Z,1970-07-07T00:00:00Z,YYYY-MM-DD,"{'id': 0, 'abbreviation': 'FR', 'code': 'KAN_0_'}",CN,YYYY-MM-DD,YYYY-MM-DD,"{'id': 2, 'abbreviation': 'S'}",Christian,m,m,Levrat,YYYY-MM-DD,"{'id': 0, 'entryDate': '2011-12-05T00:00:00Z', 'leavingDate': '2012-05-28T00:00:00Z'}","{'id': 0, 'abbreviation': 'PSS', 'name': None}","La Verrerie (FR), Siviriez (FR), Pont (Veveyse) (FR), Esmonts (FR), Le Crêt (FR)",,
4118,2022-03-09T20:21:55Z,1962-04-05T00:00:00Z,YYYY-MM-DD,"{'id': 0, 'abbreviation': 'TG', 'code': 'KAN_0_'}",CN,YYYY-MM-DD,YYYY-MM-DD,"{'id': 3, 'abbreviation': 'CE'}",Christian,m,m,Lohr,YYYY-MM-DD,"{'id': 0, 'entryDate': '2011-12-05T00:00:00Z', 'leavingDate': '2015-11-29T00:00:00Z'}","{'id': 0, 'abbreviation': 'PDC', 'name': None}",Kreuzlingen (TG),,
3895,2022-03-09T20:21:55Z,1963-12-06T00:00:00Z,YYYY-MM-DD,"{'id': 0, 'abbreviation': 'GE', 'code': 'KAN_0_'}",CN,YYYY-MM-DD,YYYY-MM-DD,"{'id': 1, 'abbreviation': 'RL'}",Christian,m,m,Lüscher,YYYY-MM-DD,"{'id': 0, 'entryDate': '2011-12-05T00:00:00Z', 'leavingDate': '2015-11-29T00:00:00Z'}","{'id': 0, 'abbreviation': 'PLR', 'name': None}","Muhen (AG), Genève (GE)",,
490,2022-03-09T20:21:55Z,1950-04-02T00:00:00Z,YYYY-MM-DD,"{'id': 0, 'abbreviation': 'LU', 'code': 'KAN_0_'}",CN,YYYY-MM-DD,YYYY-MM-DD,"{'id': 3, 'abbreviation': 'CE'}",Ruedi,m,m,Lustenberger,YYYY-MM-DD,"{'id': 0, 'entryDate': '2011-12-05T00:00:00Z', 'leavingDate': '2013-11-24T00:00:00Z'}","{'id': 0, 'abbreviation': 'PDC', 'name': None}",Romoos (LU),,
490,2022-03-09T20:21:55Z,1950-04-02T00:00:00Z,YYYY-MM-DD,"{'id': 0, 'abbreviation': 'LU', 'code': 'KAN_0_'}",CN*,YYYY-MM-DD,YYYY-MM-DD,"{'id': 3, 'abbreviation': 'CE'}",Ruedi,p,m,Lustenberger,YYYY-MM-DD,"{'id': 0, 'entryDate': '2013-11-25T00:00:00Z', 'leavingDate': '2014-11-24T00:00:00Z'}","{'id': 0, 'abbreviation': 'PDC', 'name': None}",Romoos (LU),,
490,2022-03-09T20:21:55Z,1950-04-02T00:00:00Z,YYYY-MM-DD,"{'id': 0, 'abbreviation': 'LU', 'code': 'KAN_0_'}",CN,YYYY-MM-DD,YYYY-MM-DD,"{'id': 3, 'abbreviation': 'CE'}",Ruedi,m,m,Lustenberger,YYYY-MM-DD,"{'id': 0, 'entryDate': '2014-11-25T00:00:00Z', 'leavingDate': '2015-11-29T00:00:00Z'}","{'id': 0, 'abbreviation': 'PDC', 'name': None}",Romoos (LU),,
4136,2022-03-09T20:21:55Z,1948-06-05T00:00:00Z,YYYY-MM-DD,"{'id': 0, 'abbreviation': 'GE', 'code': 'KAN_0_'}",CN,YYYY-MM-DD,YYYY-MM-DD,"{'id': 6, 'abbreviation': 'G'}",Anne,m,f,Mahrer,YYYY-MM-DD,"{'id': 0, 'entryDate': '2013-11-28T00:00:00Z', 'leavingDate': '2015-11-29T00:00:00Z'}","{'id': 0, 'abbreviation': 'VERT-E-S', 'name': None}","Egg (ZH), Genève (GE)",,
4117,2022-03-09T20:21:55Z,1975-08-01T00:00:00Z,YYYY-MM-DD,"{'id': 0, 'abbreviation': 'ZH', 'code': 'KAN_0_'}",CN,YYYY-MM-DD,YYYY-MM-DD,"{'id': 137, 'abbreviation': 'GL'}",Thomas,m,m,Maier,YYYY-MM-DD,"{'id': 0, 'entryDate': '2011-12-05T00:00:00Z', 'leavingDate': '2015-11-29T00:00:00Z'}","{'id': 0, 'abbreviation': 'pvl', 'name': None}","Dübendorf (ZH), Eggiwil (BE)",,
4018,2022-03-09T20:21:55Z,1957-05-27T00:00:00Z,YYYY-MM-DD,"{'id': 0, 'abbreviation': 'NE', 'code': 'KAN_0_'}",CN,YYYY-MM-DD,YYYY-MM-DD,"{'id': 2, 'abbreviation': 'S'}",Jacques-André,m,m,Maire,YYYY-MM-DD,"{'id': 0, 'entryDate': '2011-12-05T00:00:00Z', 'leavingDate': '2015-11-29T00:00:00Z'}","{'id': 0, 'abbreviation': 'PSS', 'name': None}","Les Ponts-de-Martel (NE), Brot-Dessous (NE)",,
3896,2022-03-09T20:21:55Z,1960-10-18T00:00:00Z,YYYY-MM-DD,"{'id': 0, 'abbreviation': 'BS', 'code': 'KAN_0_'}",CN,YYYY-MM-DD,YYYY-MM-DD,"{'id': 1, 'abbreviation': 'RL'}",Peter,m,m,Malama,YYYY-MM-DD,"{'id': 0, 'entryDate': '2011-12-05T00:00:00Z', 'leavingDate': '2012-09-22T00:00:00Z'}","{'id': 0, 'abbreviation': 'PLR', 'name': None}","Basel (BS), Mellingen (AG)",,2012-09-22T00:00:00Z
1139,2022-03-09T20:21:55Z,1975-07-27T00:00:00Z,YYYY-MM-DD,"{'id': 0, 'abbreviation': 'BE', 'code': 'KAN_0_'}",CN,YYYY-MM-DD,YYYY-MM-DD,"{'id': 1, 'abbreviation': 'RL'}",Christa,m,f,Markwalder,YYYY-MM-DD,"{'id': 0, 'entryDate': '2011-12-05T00:00:00Z', 'leavingDate': '2015-11-29T00:00:00Z'}","{'id': 0, 'abbreviation': 'PLR', 'name': None}","Würenlos (AG), Zürich (ZH)",,
3923,2022-03-09T20:21:55Z,1973-03-10T00:00:00Z,YYYY-MM-DD,"{'id': 0, 'abbreviation': 'VD', 'code': 'KAN_0_'}",CN,YYYY-MM-DD,YYYY-MM-DD,"{'id': 2, 'abbreviation': 'S'}",Ada,m,f,Marra,YYYY-MM-DD,"{'id': 0, 'entryDate': '2011-12-05T00:00:00Z', 'leavingDate': '2015-11-29T00:00:00Z'}","{'id': 0, 'abbreviation': 'PSS', 'name': None}",Paudex (VD),,
4130,2022-03-09T20:21:55Z,1984-10-04T00:00:00Z,YYYY-MM-DD,"{'id': 0, 'abbreviation': 'BE', 'code': 'KAN_0_'}",CN,YYYY-MM-DD,YYYY-MM-DD,"{'id': 2, 'abbreviation': 'S'}",Nadine,m,f,Masshardt,YYYY-MM-DD,"{'id': 0, 'entryDate': '2013-03-04T00:00:00Z', 'leavingDate': '2015-11-29T00:00:00Z'}","{'id': 0, 'abbreviation': 'PSS', 'name': None}","Bern (BE), Mühlethurnen (BE)",,
4144,2022-03-09T20:21:55Z,1966-03-23T00:00:00Z,YYYY-MM-DD,"{'id': 0, 'abbreviation': 'ZH', 'code': 'KAN_0_'}",CN,YYYY-MM-DD,YYYY-MM-DD,"{'id': 4, 'abbreviation': 'V'}",Thomas,m,m,Matter,YYYY-MM-DD,"{'id': 0, 'entryDate': '2014-06-02T00:00:00Z', 'leavingDate': '2015-11-29T00:00:00Z'}","{'id': 0, 'abbreviation': 'UDC', 'name': None}","Muhen (AG), Sissach (BL)",,
494,2022-03-09T20:21:55Z,1952-01-04T00:00:00Z,YYYY-MM-DD,"{'id': 0, 'abbreviation': 'SG', 'code': 'KAN_0_'}",CN,YYYY-MM-DD,YYYY-MM-DD,"{'id': 3, 'abbreviation': 'CE'}",Lucrezia,m,f,Meier-Schatz,YYYY-MM-DD,"{'id': 0, 'entryDate': '2011-12-05T00:00:00Z', 'leavingDate': '2015-11-29T00:00:00Z'}","{'id': 0, 'abbreviation': 'PDC', 'name': None}",Tartar (GR),,
4140,2022-03-09T20:21:55Z,1962-05-27T00:00:00Z,YYYY-MM-DD,"{'id': 0, 'abbreviation': 'TI', 'code': 'KAN_0_'}",CN,YYYY-MM-DD,YYYY-MM-DD,"{'id': 1, 'abbreviation': 'RL'}",Giovanni,m,m,Merlini,YYYY-MM-DD,"{'id': 0, 'entryDate': '2014-03-10T00:00:00Z', 'leavingDate': '2015-11-29T00:00:00Z'}","{'id': 0, 'abbreviation': 'PLR', 'name': None}",Minusio (TI),,
151,2022-03-09T20:21:55Z,1948-02-27T00:00:00Z,YYYY-MM-DD,"{'id': 0, 'abbreviation': 'BL', 'code': 'KAN_0_'}",CN,YYYY-MM-DD,YYYY-MM-DD,"{'id': 4, 'abbreviation': 'V'}",Christian,m,m,Miesch,YYYY-MM-DD,"{'id': 0, 'entryDate': '2014-09-08T00:00:00Z', 'leavingDate': '2015-11-29T00:00:00Z'}","{'id': 0, 'abbreviation': 'UDC', 'name': None}",Titterten (BL),,
4147,2022-03-09T20:21:55Z,1957-03-11T00:00:00Z,YYYY-MM-DD,"{'id': 0, 'abbreviation': 'NE', 'code': 'KAN_0_'}",CN,YYYY-MM-DD,YYYY-MM-DD,"{'id': 1, 'abbreviation': 'RL'}",Pierre-André,m,m,Monnard,YYYY-MM-DD,"{'id': 0, 'entryDate': '2014-12-08T00:00:00Z', 'leavingDate': '2015-11-29T00:00:00Z'}","{'id': 0, 'abbreviation': 'PLR', 'name': None}",Attalens (FR),,
1346,2022-03-09T20:21:55Z,1970-12-30T00:00:00Z,YYYY-MM-DD,"{'id': 0, 'abbreviation': 'VD', 'code': 'KAN_0_'}",CN,YYYY-MM-DD,YYYY-MM-DD,"{'id': 1, 'abbreviation': 'RL'}",Isabelle,m,f,Moret,YYYY-MM-DD,"{'id': 0, 'entryDate': '2011-12-05T00:00:00Z', 'leavingDate': '2015-11-29T00:00:00Z'}","{'id': 0, 'abbreviation': 'PLR', 'name': None}",Clarmont (VD),,
542,2022-03-09T20:21:55Z,1960-07-16T00:00:00Z,YYYY-MM-DD,"{'id': 0, 'abbreviation': 'ZH', 'code': 'KAN_0_'}",CN,YYYY-MM-DD,YYYY-MM-DD,"{'id': 4, 'abbreviation': 'V'}",Christoph,m,m,Mörgeli,YYYY-MM-DD,"{'id': 0, 'entryDate': '2011-12-05T00:00:00Z', 'leavingDate': '2015-11-29T00:00:00Z'}","{'id': 0, 'abbreviation': 'UDC', 'name': None}",Schlatt (ZH),,
3897,2022-03-09T20:21:55Z,1979-04-06T00:00:00Z,YYYY-MM-DD,"{'id': 0, 'abbreviation': 'ZH', 'code': 'KAN_0_'}",CN,YYYY-MM-DD,YYYY-MM-DD,"{'id': 137, 'abbreviation': 'GL'}",Tiana Angelina,m,f,Moser,YYYY-MM-DD,"{'id': 0, 'entryDate': '2011-12-05T00:00:00Z', 'leavingDate': '2015-11-29T00:00:00Z'}","{'id': 0, 'abbreviation': 'pvl', 'name': None}",Würenlos (AG),,
1112,2022-03-09T20:21:55Z,1960-10-27T00:00:00Z,YYYY-MM-DD,"{'id': 0, 'abbreviation': 'AG', 'code': 'KAN_0_'}",CN,YYYY-MM-DD,YYYY-MM-DD,"{'id': 6, 'abbreviation': 'G'}",Geri,m,m,Müller,YYYY-MM-DD,"{'id': 0, 'entryDate': '2011-12-05T00:00:00Z', 'leavingDate': '2015-11-29T00:00:00Z'}","{'id': 0, 'abbreviation': 'VERT-E-S', 'name': None}",Turgi (AG),,
4097,2022-03-09T20:21:55Z,1958-07-04T00:00:00Z,YYYY-MM-DD,"{'id': 0, 'abbreviation': 'LU', 'code': 'KAN_0_'}",CN,YYYY-MM-DD,YYYY-MM-DD,"{'id': 3, 'abbreviation': 'CE'}",Leo,m,m,Müller,YYYY-MM-DD,"{'id': 0, 'entryDate': '2011-12-05T00:00:00Z', 'leavingDate': '2015-11-29T00:00:00Z'}","{'id': 0, 'abbreviation': 'PDC', 'name': None}","Ruswil (LU), Schüpfheim (LU)",True,
1141,2022-03-09T20:20:58Z,1952-09-05T00:00:00Z,YYYY-MM-DD,"{'id': 0, 'abbreviation': 'AG', 'code': 'KAN_0_'}",CN,YYYY-MM-DD,YYYY-MM-DD,"{'id': 1, 'abbreviation': 'RL'}",Philipp,m,m,Müller,YYYY-MM-DD,"{'id': 0, 'entryDate': '2011-12-05T00:00:00Z', 'leavingDate': '2015-11-29T00:00:00Z'}","{'id': 0, 'abbreviation': 'PLR', 'name': None}",Mogelsberg (SG),,
1345,2022-03-09T20:20:58Z,1952-12-01T00:00:00Z,YYYY-MM-DD,"{'id': 0, 'abbreviation': 'SG', 'code': 'KAN_0_'}",CN,YYYY-MM-DD,YYYY-MM-DD,"{'id': 4, 'abbreviation': 'V'}",Thomas,m,m,Müller,YYYY-MM-DD,"{'id': 0, 'entryDate': '2011-12-05T00:00:00Z', 'leavingDate': '2015-11-29T00:00:00Z'}","{'id': 0, 'abbreviation': 'UDC', 'name': None}",Uzwil (SG),,
1137,2022-03-09T20:20:58Z,1948-04-25T00:00:00Z,YYYY-MM-DD,"{'id': 0, 'abbreviation': 'SG', 'code': 'KAN_0_'}",CN,YYYY-MM-DD,YYYY-MM-DD,"{'id': 1, 'abbreviation': 'RL'}",Walter,m,m,Müller,YYYY-MM-DD,"{'id': 0, 'entryDate': '2011-12-05T00:00:00Z', 'leavingDate': '2015-11-29T00:00:00Z'}","{'id': 0, 'abbreviation': 'PLR', 'name': None}",Wartau (SG),,
4063,2022-03-09T20:20:58Z,1976-06-17T00:00:00Z,YYYY-MM-DD,"{'id': 0, 'abbreviation': 'SO', 'code': 'KAN_0_'}",CN,YYYY-MM-DD,YYYY-MM-DD,"{'id': 3, 'abbreviation': 'CE'}",Stefan,m,m,Müller-Altermatt,YYYY-MM-DD,"{'id': 0, 'entryDate': '2011-12-05T00:00:00Z', 'leavingDate': '2015-11-29T00:00:00Z'}","{'id': 0, 'abbreviation': 'PDC', 'name': None}",Murgenthal (AG),,
4134,2022-03-09T20:20:58Z,1955-12-26T00:00:00Z,YYYY-MM-DD,"{'id': 0, 'abbreviation': 'SH', 'code': 'KAN_0_'}",CN,YYYY-MM-DD,YYYY-MM-DD,"{'id': 2, 'abbreviation': 'S'}",Martina,m,f,Munz,YYYY-MM-DD,"{'id': 0, 'entryDate': '2013-09-09T00:00:00Z', 'leavingDate': '2015-11-29T00:00:00Z'}","{'id': 0, 'abbreviation': 'PSS', 'name': None}",Sulgen (TG),,
1111,2022-03-09T20:20:58Z,1958-01-22T00:00:00Z,YYYY-MM-DD,"{'id': 0, 'abbreviation': 'LU', 'code': 'KAN_0_'}",CN,YYYY-MM-DD,YYYY-MM-DD,"{'id': 4, 'abbreviation': 'V'}",Felix,m,m,Müri,YYYY-MM-DD,"{'id': 0, 'entryDate': '2011-12-05T00:00:00Z', 'leavingDate': '2015-11-29T00:00:00Z'}","{'id': 0, 'abbreviation': 'UDC', 'name': None}",Schinznach (AG),,
4106,2022-03-09T20:20:58Z,1970-11-10T00:00:00Z,YYYY-MM-DD,"{'id': 0, 'abbreviation': 'ZH', 'code': 'KAN_0_'}",CN,YYYY-MM-DD,YYYY-MM-DD,"{'id': 2, 'abbreviation': 'S'}",Martin,m,m,Naef,YYYY-MM-DD,"{'id': 0, 'entryDate': '2011-12-05T00:00:00Z', 'leavingDate': '2015-11-29T00:00:00Z'}","{'id': 0, 'abbreviation': 'PSS', 'name': None}",Zürich (ZH),,
498,2022-03-09T20:20:58Z,1931-08-17T00:00:00Z,YYYY-MM-DD,"{'id': 0, 'abbreviation': 'VD', 'code': 'KAN_0_'}",CN,YYYY-MM-DD,YYYY-MM-DD,"{'id': 3, 'abbreviation': 'CE'}",Jacques,m,m,Neirynck,YYYY-MM-DD,"{'id': 0, 'entryDate': '2011-12-05T00:00:00Z', 'leavingDate': '2015-11-29T00:00:00Z'}","{'id': 0, 'abbreviation': 'PDC', 'name': None}",Ecublens (FR),,
3898,2022-03-09T20:20:58Z,1957-05-17T00:00:00Z,YYYY-MM-DD,"{'id': 0, 'abbreviation': 'GE', 'code': 'KAN_0_'}",CN,YYYY-MM-DD,YYYY-MM-DD,"{'id': 4, 'abbreviation': 'V'}",Yves,m,m,Nidegger,YYYY-MM-DD,"{'id': 0, 'entryDate': '2011-12-05T00:00:00Z', 'leavingDate': '2015-11-29T00:00:00Z'}","{'id': 0, 'abbreviation': 'UDC', 'name': None}",Genève (GE),,
1279,2022-03-09T20:20:58Z,1973-03-23T00:00:00Z,YYYY-MM-DD,"{'id': 0, 'abbreviation': 'VD', 'code': 'KAN_0_'}",CN,YYYY-MM-DD,YYYY-MM-DD,"{'id': 2, 'abbreviation': 'S'}",Roger,m,m,Nordmann,YYYY-MM-DD,"{'id': 0, 'entryDate': '2011-12-05T00:00:00Z', 'leavingDate': '2012-02-19T00:00:00Z'}","{'id': 0, 'abbreviation': 'PSS', 'name': None}",Seuzach (ZH),,
1279,2022-03-09T20:20:58Z,1973-03-23T00:00:00Z,YYYY-MM-DD,"{'id': 0, 'abbreviation': 'VD', 'code': 'KAN_0_'}",CN,YYYY-MM-DD,YYYY-MM-DD,"{'id': 2, 'abbreviation': 'S'}",Roger,m,m,Nordmann,YYYY-MM-DD,"{'id': 0, 'entryDate': '2012-02-20T00:00:00Z', 'leavingDate': '2015-11-29T00:00:00Z'}","{'id': 0, 'abbreviation': 'PSS', 'name': None}",Seuzach (ZH),,
1153,2022-03-09T20:20:58Z,1961-04-14T00:00:00Z,YYYY-MM-DD,"{'id': 0, 'abbreviation': 'ZH', 'code': 'KAN_0_'}",CN,YYYY-MM-DD,YYYY-MM-DD,"{'id': 1, 'abbreviation': 'RL'}",Ruedi,m,m,Noser,YYYY-MM-DD,"{'id': 0, 'entryDate': '2011-12-05T00:00:00Z', 'leavingDate': '2015-11-29T00:00:00Z'}","{'id': 0, 'abbreviation': 'PLR', 'name': None}",Oberurnen (GL),,
3899,2022-03-09T20:20:58Z,1960-07-11T00:00:00Z,YYYY-MM-DD,"{'id': 0, 'abbreviation': 'BL', 'code': 'KAN_0_'}",CN,YYYY-MM-DD,YYYY-MM-DD,"{'id': 2, 'abbreviation': 'S'}",Eric,m,m,Nussbaumer,YYYY-MM-DD,"{'id': 0, 'entryDate': '2011-12-05T00:00:00Z', 'leavingDate': '2015-11-29T00:00:00Z'}","{'id': 0, 'abbreviation': 'PSS', 'name': None}",Lüterkofen (SO),,
4073,2022-03-09T20:20:58Z,1965-09-19T00:00:00Z,YYYY-MM-DD,"{'id': 0, 'abbreviation': 'TI', 'code': 'KAN_0_'}",CN,YYYY-MM-DD,YYYY-MM-DD,"{'id': 4, 'abbreviation': 'V'}",Roberta,m,f,Pantani,YYYY-MM-DD,"{'id': 0, 'entryDate': '2011-12-05T00:00:00Z', 'leavingDate': '2015-11-29T00:00:00Z'}","{'id': 0, 'abbreviation': 'Lega', 'name': None}",Chiasso (TI),,
4045,2022-03-09T20:20:58Z,1965-06-19T00:00:00Z,YYYY-MM-DD,"{'id': 0, 'abbreviation': 'BE', 'code': 'KAN_0_'}",CN,YYYY-MM-DD,YYYY-MM-DD,"{'id': 2, 'abbreviation': 'S'}",Corrado,m,m,Pardini,YYYY-MM-DD,"{'id': 0, 'entryDate': '2011-12-05T00:00:00Z', 'leavingDate': '2015-11-29T00:00:00Z'}","{'id': 0, 'abbreviation': 'PSS', 'name': None}",Fahrni (BE),,
1108,2022-03-09T20:20:58Z,1959-11-09T00:00:00Z,YYYY-MM-DD,"{'id': 0, 'abbreviation': 'VD', 'code': 'KAN_0_'}",CN,YYYY-MM-DD,YYYY-MM-DD,"{'id': 4, 'abbreviation': 'V'}",Guy,m,m,Parmelin,YYYY-MM-DD,"{'id': 0, 'entryDate': '2011-12-05T00:00:00Z', 'leavingDate': '2012-01-21T00:00:00Z'}","{'id': 0, 'abbreviation': 'UDC', 'name': None}",Bursins (VD),,
1108,2022-03-09T20:20:58Z,1959-11-09T00:00:00Z,YYYY-MM-DD,"{'id': 0, 'abbreviation': 'VD', 'code': 'KAN_0_'}",CN,YYYY-MM-DD,YYYY-MM-DD,"{'id': 4, 'abbreviation': 'V'}",Guy,m,m,Parmelin,YYYY-MM-DD,"{'id': 0, 'entryDate': '2012-01-22T00:00:00Z', 'leavingDate': '2015-11-29T00:00:00Z'}","{'id': 0, 'abbreviation': 'UDC', 'name': None}",Bursins (VD),,
345,2022-03-09T20:20:58Z,1951-01-26T00:00:00Z,YYYY-MM-DD,"{'id': 0, 'abbreviation': 'TI', 'code': 'KAN_0_'}",CN,YYYY-MM-DD,YYYY-MM-DD,"{'id': 1, 'abbreviation': 'RL'}",Fulvio,m,m,Pelli,YYYY-MM-DD,"{'id': 0, 'entryDate': '2011-12-05T00:00:00Z', 'leavingDate': '2014-03-06T00:00:00Z'}","{'id': 0, 'abbreviation': 'PLR', 'name': None}",Aranno (TI),,
1145,2022-03-09T20:20:58Z,1966-12-09T00:00:00Z,YYYY-MM-DD,"{'id': 0, 'abbreviation': 'NE', 'code': 'KAN_0_'}",CN,YYYY-MM-DD,YYYY-MM-DD,"{'id': 4, 'abbreviation': 'V'}",Yvan,m,m,Perrin,YYYY-MM-DD,"{'id': 0, 'entryDate': '2011-12-05T00:00:00Z', 'leavingDate': '2013-08-31T00:00:00Z'}","{'id': 0, 'abbreviation': 'UDC', 'name': None}",Provence (VD),,
3900,2022-03-09T20:20:58Z,1955-08-24T00:00:00Z,YYYY-MM-DD,"{'id': 0, 'abbreviation': 'NE', 'code': 'KAN_0_'}",CN,YYYY-MM-DD,YYYY-MM-DD,"{'id': 1, 'abbreviation': 'RL'}",Sylvie,m,f,Perrinjaquet,YYYY-MM-DD,"{'id': 0, 'entryDate': '2013-09-09T00:00:00Z', 'leavingDate': '2015-11-29T00:00:00Z'}","{'id': 0, 'abbreviation': 'PLR', 'name': None}",Travers (NE),,
4084,2022-03-09T20:20:58Z,1951-03-04T00:00:00Z,YYYY-MM-DD,"{'id': 0, 'abbreviation': 'ZG', 'code': 'KAN_0_'}",CN,YYYY-MM-DD,YYYY-MM-DD,"{'id': 1, 'abbreviation': 'RL'}",Bruno,m,m,Pezzatti,YYYY-MM-DD,"{'id': 0, 'entryDate': '2011-12-05T00:00:00Z', 'leavingDate': '2015-11-29T00:00:00Z'}","{'id': 0, 'abbreviation': 'PLR', 'name': None}",Torricella-Taverne (TI),,
1109,2022-03-09T20:20:58Z,1962-10-01T00:00:00Z,YYYY-MM-DD,"{'id': 0, 'abbreviation': 'ZG', 'code': 'KAN_0_'}",CN,YYYY-MM-DD,YYYY-MM-DD,"{'id': 3, 'abbreviation': 'CE'}",Gerhard,m,m,Pfister,YYYY-MM-DD,"{'id': 0, 'entryDate': '2011-12-05T00:00:00Z', 'leavingDate': '2015-11-29T00:00:00Z'}","{'id': 0, 'abbreviation': 'PDC', 'name': None}","Oberägeri (ZG), Wittenbach (SG)",,
4109,2022-03-09T20:20:58Z,1978-09-09T00:00:00Z,YYYY-MM-DD,"{'id': 0, 'abbreviation': 'FR', 'code': 'KAN_0_'}",CN,YYYY-MM-DD,YYYY-MM-DD,"{'id': 2, 'abbreviation': 'S'}",Valérie,m,f,Piller Carrard,YYYY-MM-DD,"{'id': 0, 'entryDate': '2011-12-05T00:00:00Z', 'leavingDate': '2015-11-29T00:00:00Z'}","{'id': 0, 'abbreviation': 'PSS', 'name': None}","Estavayer-le-Lac (Font) (FR), Dirlaret (FR)",,
4092,2022-03-09T20:20:58Z,1959-04-25T00:00:00Z,YYYY-MM-DD,"{'id': 0, 'abbreviation': 'GE', 'code': 'KAN_0_'}",CN,YYYY-MM-DD,YYYY-MM-DD,"{'id': 99, 'abbreviation': '-'}",Mauro,m,m,Poggia,YYYY-MM-DD,"{'id': 0, 'entryDate': '2011-12-05T00:00:00Z', 'leavingDate': '2013-11-29T00:00:00Z'}","{'id': 0, 'abbreviation': 'MCG', 'name': None}",Meyrin (GE),,
4141,2022-03-09T20:20:58Z,1963-02-22T00:00:00Z,YYYY-MM-DD,"{'id': 0, 'abbreviation': 'ZH', 'code': 'KAN_0_'}",CN,YYYY-MM-DD,YYYY-MM-DD,"{'id': 1, 'abbreviation': 'RL'}",Hans-Peter,m,m,Portmann,YYYY-MM-DD,"{'id': 0, 'entryDate': '2014-05-07T00:00:00Z', 'leavingDate': '2015-11-29T00:00:00Z'}","{'id': 0, 'abbreviation': 'PLR', 'name': None}","Zürich (ZH), Sempach (LU)",,
4066,2022-03-09T20:20:58Z,1957-07-18T00:00:00Z,YYYY-MM-DD,"{'id': 0, 'abbreviation': 'ZH', 'code': 'KAN_0_'}",CN,YYYY-MM-DD,YYYY-MM-DD,"{'id': 136, 'abbreviation': 'BD'}",Rosmarie,m,f,Quadranti,YYYY-MM-DD,"{'id': 0, 'entryDate': '2011-12-05T00:00:00Z', 'leavingDate': '2015-05-03T00:00:00Z'}","{'id': 0, 'abbreviation': 'PBD', 'name': None}",Volketswil (ZH),,
4066,2022-03-09T20:20:58Z,1957-07-18T00:00:00Z,YYYY-MM-DD,"{'id': 0, 'abbreviation': 'ZH', 'code': 'KAN_0_'}",CN,YYYY-MM-DD,YYYY-MM-DD,"{'id': 136, 'abbreviation': 'BD'}",Rosmarie,m,f,Quadranti,YYYY-MM-DD,"{'id': 0, 'entryDate': '2015-05-04T00:00:00Z', 'leavingDate': '2015-11-29T00:00:00Z'}","{'id': 0, 'abbreviation': 'PBD', 'name': None}",Volketswil (ZH),,
4046,2022-03-09T20:20:58Z,1974-11-05T00:00:00Z,YYYY-MM-DD,"{'id': 0, 'abbreviation': 'TI', 'code': 'KAN_0_'}",CN,YYYY-MM-DD,YYYY-MM-DD,"{'id': 4, 'abbreviation': 'V'}",Lorenzo,m,m,Quadri,YYYY-MM-DD,"{'id': 0, 'entryDate': '2011-12-05T00:00:00Z', 'leavingDate': '2015-11-29T00:00:00Z'}","{'id': 0, 'abbreviation': 'Lega', 'name': None}",Canobbio (TI),,
172,2022-03-09T20:20:58Z,1952-08-26T00:00:00Z,YYYY-MM-DD,"{'id': 0, 'abbreviation': 'SG', 'code': 'KAN_0_'}",CN,YYYY-MM-DD,YYYY-MM-DD,"{'id': 2, 'abbreviation': 'S'}",Paul,m,m,Rechsteiner,YYYY-MM-DD,"{'id': 0, 'entryDate': '2011-12-05T00:00:00Z', 'leavingDate': '2011-12-11T00:00:00Z'}","{'id': 0, 'abbreviation': 'PSS', 'name': None}",Appenzell (AI),,
4072,2022-03-09T20:20:58Z,1962-06-22T00:00:00Z,YYYY-MM-DD,"{'id': 0, 'abbreviation': 'TI', 'code': 'KAN_0_'}",CN,YYYY-MM-DD,YYYY-MM-DD,"{'id': 3, 'abbreviation': 'CE'}",Fabio,m,m,Regazzi,YYYY-MM-DD,"{'id': 0, 'entryDate': '2011-12-05T00:00:00Z', 'leavingDate': '2015-11-29T00:00:00Z'}","{'id': 0, 'abbreviation': 'PDC', 'name': None}",Locarno (TI),,
3901,2022-03-09T20:20:58Z,1982-09-18T00:00:00Z,YYYY-MM-DD,"{'id': 0, 'abbreviation': 'SG', 'code': 'KAN_0_'}",CN,YYYY-MM-DD,YYYY-MM-DD,"{'id': 4, 'abbreviation': 'V'}",Lukas,m,m,Reimann,YYYY-MM-DD,"{'id': 0, 'entryDate': '2011-12-05T00:00:00Z', 'leavingDate': '2015-11-29T00:00:00Z'}","{'id': 0, 'abbreviation': 'UDC', 'name': None}",Oberhof (AG),,
173,2022-03-09T20:20:58Z,1942-05-07T00:00:00Z,YYYY-MM-DD,"{'id': 0, 'abbreviation': 'AG', 'code': 'KAN_0_'}",CN,YYYY-MM-DD,YYYY-MM-DD,"{'id': 4, 'abbreviation': 'V'}",Maximilian,m,m,Reimann,YYYY-MM-DD,"{'id': 0, 'entryDate': '2011-12-05T00:00:00Z', 'leavingDate': '2015-11-29T00:00:00Z'}","{'id': 0, 'abbreviation': 'UDC', 'name': None}",Oberhof (AG),,
4091,2022-03-09T20:20:58Z,1987-09-07T00:00:00Z,YYYY-MM-DD,"{'id': 0, 'abbreviation': 'VS', 'code': 'KAN_0_'}",CN,YYYY-MM-DD,YYYY-MM-DD,"{'id': 2, 'abbreviation': 'S'}",Mathias,m,m,Reynard,YYYY-MM-DD,"{'id': 0, 'entryDate': '2011-12-05T00:00:00Z', 'leavingDate': '2015-11-29T00:00:00Z'}","{'id': 0, 'abbreviation': 'PSS', 'name': None}",Savièse (VS),,
4111,2022-03-09T20:20:58Z,1962-02-24T00:00:00Z,YYYY-MM-DD,"{'id': 0, 'abbreviation': 'NE', 'code': 'KAN_0_'}",CN,YYYY-MM-DD,YYYY-MM-DD,"{'id': 1, 'abbreviation': 'RL'}",Alain,m,m,Ribaux,YYYY-MM-DD,"{'id': 0, 'entryDate': '2011-12-05T00:00:00Z', 'leavingDate': '2013-08-31T00:00:00Z'}","{'id': 0, 'abbreviation': 'PLR', 'name': None}",Bevaix (NE),,
3902,2022-03-09T20:20:58Z,1976-11-19T00:00:00Z,YYYY-MM-DD,"{'id': 0, 'abbreviation': 'ZH', 'code': 'KAN_0_'}",CN,YYYY-MM-DD,YYYY-MM-DD,"{'id': 4, 'abbreviation': 'V'}",Natalie,m,f,Rickli,YYYY-MM-DD,"{'id': 0, 'entryDate': '2011-12-05T00:00:00Z', 'leavingDate': '2012-01-21T00:00:00Z'}","{'id': 0, 'abbreviation': 'UDC', 'name': None}",Madiswil (BE),,
3902,2022-03-09T20:20:58Z,1976-11-19T00:00:00Z,YYYY-MM-DD,"{'id': 0, 'abbreviation': 'ZH', 'code': 'KAN_0_'}",CN,YYYY-MM-DD,YYYY-MM-DD,"{'id': 4, 'abbreviation': 'V'}",Natalie,m,f,Rickli,YYYY-MM-DD,"{'id': 0, 'entryDate': '2012-01-22T00:00:00Z', 'leavingDate': '2015-11-29T00:00:00Z'}","{'id': 0, 'abbreviation': 'UDC', 'name': None}",Madiswil (BE),,
502,2022-03-09T20:20:58Z,1952-10-21T00:00:00Z,YYYY-MM-DD,"{'id': 0, 'abbreviation': 'ZH', 'code': 'KAN_0_'}",CN,YYYY-MM-DD,YYYY-MM-DD,"{'id': 3, 'abbreviation': 'CE'}",Kathy,m,f,Riklin,YYYY-MM-DD,"{'id': 0, 'entryDate': '2011-12-05T00:00:00Z', 'leavingDate': '2015-11-29T00:00:00Z'}","{'id': 0, 'abbreviation': 'PDC', 'name': None}","Zürich (ZH), Bremgarten (AG), Ernetschwil (SG)",,
1119,2022-03-09T20:20:58Z,1950-06-28T00:00:00Z,YYYY-MM-DD,"{'id': 0, 'abbreviation': 'FR', 'code': 'KAN_0_'}",CN,YYYY-MM-DD,YYYY-MM-DD,"{'id': 4, 'abbreviation': 'V'}",Jean-François,m,m,Rime,YYYY-MM-DD,"{'id': 0, 'entryDate': '2011-12-05T00:00:00Z', 'leavingDate': '2015-11-29T00:00:00Z'}","{'id': 0, 'abbreviation': 'UDC', 'name': None}",Charmey (FR),,
4052,2022-03-09T20:20:58Z,1967-04-19T00:00:00Z,YYYY-MM-DD,"{'id': 0, 'abbreviation': 'SG', 'code': 'KAN_0_'}",CN,YYYY-MM-DD,YYYY-MM-DD,"{'id': 3, 'abbreviation': 'CE'}",Markus,m,m,Ritter,YYYY-MM-DD,"{'id': 0, 'entryDate': '2011-12-05T00:00:00Z', 'leavingDate': '2015-11-29T00:00:00Z'}","{'id': 0, 'abbreviation': 'PDC', 'name': None}",Altstätten (SG),,
4120,2022-03-09T20:20:58Z,1982-11-06T00:00:00Z,YYYY-MM-DD,"{'id': 0, 'abbreviation': 'TI', 'code': 'KAN_0_'}",CN,YYYY-MM-DD,YYYY-MM-DD,"{'id': 3, 'abbreviation': 'CE'}",Marco,m,m,Romano,YYYY-MM-DD,"{'id': 0, 'entryDate': '2011-12-05T00:00:00Z', 'leavingDate': '2015-11-29T00:00:00Z'}","{'id': 0, 'abbreviation': 'PDC', 'name': None}",Mendrisio (TI),,
504,2022-03-09T20:20:58Z,1963-08-09T00:00:00Z,YYYY-MM-DD,"{'id': 0, 'abbreviation': 'VS', 'code': 'KAN_0_'}",CN,YYYY-MM-DD,YYYY-MM-DD,"{'id': 2, 'abbreviation': 'S'}",Stéphane,m,m,Rossini,YYYY-MM-DD,"{'id': 0, 'entryDate': '2011-12-05T00:00:00Z', 'leavingDate': '2014-11-23T00:00:00Z'}","{'id': 0, 'abbreviation': 'PSS', 'name': None}",Valcolla (TI),,
504,2022-03-09T20:20:58Z,1963-08-09T00:00:00Z,YYYY-MM-DD,"{'id': 0, 'abbreviation': 'VS', 'code': 'KAN_0_'}",CN*,YYYY-MM-DD,YYYY-MM-DD,"{'id': 2, 'abbreviation': 'S'}",Stéphane,p,m,Rossini,YYYY-MM-DD,"{'id': 0, 'entryDate': '2014-11-24T00:00:00Z', 'leavingDate': '2015-11-29T00:00:00Z'}","{'id': 0, 'abbreviation': 'PSS', 'name': None}",Valcolla (TI),,
4100,2022-03-09T20:20:58Z,1967-08-07T00:00:00Z,YYYY-MM-DD,"{'id': 0, 'abbreviation': 'BE', 'code': 'KAN_0_'}",CN,YYYY-MM-DD,YYYY-MM-DD,"{'id': 4, 'abbreviation': 'V'}",Albert,m,m,Rösti,YYYY-MM-DD,"{'id': 0, 'entryDate': '2011-12-05T00:00:00Z', 'leavingDate': '2015-11-29T00:00:00Z'}","{'id': 0, 'abbreviation': 'UDC', 'name': None}",Frutigen (BE),,
4143,2022-03-09T20:20:58Z,1982-02-04T00:00:00Z,YYYY-MM-DD,"{'id': 0, 'abbreviation': 'VD', 'code': 'KAN_0_'}",CN,YYYY-MM-DD,YYYY-MM-DD,"{'id': 2, 'abbreviation': 'S'}",Rebecca Ana,m,f,Ruiz,YYYY-MM-DD,"{'id': 0, 'entryDate': '2014-06-02T00:00:00Z', 'leavingDate': '2015-11-29T00:00:00Z'}","{'id': 0, 'abbreviation': 'PSS', 'name': None}","Lausanne (VD), Ardon (VS)",,
4048,2022-03-09T20:20:58Z,1949-12-03T00:00:00Z,YYYY-MM-DD,"{'id': 0, 'abbreviation': 'TI', 'code': 'KAN_0_'}",CN,YYYY-MM-DD,YYYY-MM-DD,"{'id': 4, 'abbreviation': 'V'}",Pierre,m,m,Rusconi,YYYY-MM-DD,"{'id': 0, 'entryDate': '2011-12-05T00:00:00Z', 'leavingDate': '2015-11-29T00:00:00Z'}","{'id': 0, 'abbreviation': 'UDC', 'name': None}",Breganzona (TI),,
4125,2022-03-09T20:20:58Z,1972-10-12T00:00:00Z,YYYY-MM-DD,"{'id': 0, 'abbreviation': 'ZH', 'code': 'KAN_0_'}",CN,YYYY-MM-DD,YYYY-MM-DD,"{'id': 4, 'abbreviation': 'V'}",Gregor,m,m,Rutz,YYYY-MM-DD,"{'id': 0, 'entryDate': '2012-11-26T00:00:00Z', 'leavingDate': '2015-11-29T00:00:00Z'}","{'id': 0, 'abbreviation': 'UDC', 'name': None}","Wildhaus (SG), Zollikon (ZH)",,
4095,2022-03-09T20:20:58Z,1962-03-02T00:00:00Z,YYYY-MM-DD,"{'id': 0, 'abbreviation': 'BE', 'code': 'KAN_0_'}",CN,YYYY-MM-DD,YYYY-MM-DD,"{'id': 6, 'abbreviation': 'G'}",Regula,m,f,Rytz,YYYY-MM-DD,"{'id': 0, 'entryDate': '2011-12-05T00:00:00Z', 'leavingDate': '2015-11-29T00:00:00Z'}","{'id': 0, 'abbreviation': 'VERT-E-S', 'name': None}",Rüti b. Büren (BE),,
1318,2022-03-09T20:20:58Z,1952-10-31T00:00:00Z,YYYY-MM-DD,"{'id': 0, 'abbreviation': 'LU', 'code': 'KAN_0_'}",CN,YYYY-MM-DD,YYYY-MM-DD,"{'id': 6, 'abbreviation': 'G'}",Louis,m,m,Schelbert,YYYY-MM-DD,"{'id': 0, 'entryDate': '2011-12-05T00:00:00Z', 'leavingDate': '2015-11-29T00:00:00Z'}","{'id': 0, 'abbreviation': 'VERT-E-S', 'name': None}","Luzern (LU), Muotathal (SZ)",,
1129,2022-03-09T20:20:58Z,1954-01-17T00:00:00Z,YYYY-MM-DD,"{'id': 0, 'abbreviation': 'BS', 'code': 'KAN_0_'}",CN,YYYY-MM-DD,YYYY-MM-DD,"{'id': 2, 'abbreviation': 'S'}",Silvia,m,f,Schenker,YYYY-MM-DD,"{'id': 0, 'entryDate': '2011-12-05T00:00:00Z', 'leavingDate': '2015-11-29T00:00:00Z'}","{'id': 0, 'abbreviation': 'PSS', 'name': None}","Heimiswil (BE), Aarburg (AG)",,
820,2022-03-09T20:20:58Z,1952-08-16T00:00:00Z,YYYY-MM-DD,"{'id': 0, 'abbreviation': 'ZH', 'code': 'KAN_0_'}",CN,YYYY-MM-DD,YYYY-MM-DD,"{'id': 4, 'abbreviation': 'V'}",Ernst,m,m,Schibli,YYYY-MM-DD,"{'id': 0, 'entryDate': '2014-05-05T00:00:00Z', 'leavingDate': '2015-11-29T00:00:00Z'}","{'id': 0, 'abbreviation': 'UDC', 'name': None}",Otelfingen (ZH),True,
4124,2022-03-09T20:21:55Z,1959-06-01T00:00:00Z,YYYY-MM-DD,"{'id': 0, 'abbreviation': 'LU', 'code': 'KAN_0_'}",CN,YYYY-MM-DD,YYYY-MM-DD,"{'id': 1, 'abbreviation': 'RL'}",Peter,m,m,Schilliger,YYYY-MM-DD,"{'id': 0, 'entryDate': '2012-09-10T00:00:00Z', 'leavingDate': '2015-11-29T00:00:00Z'}","{'id': 0, 'abbreviation': 'PLR', 'name': None}","Weggis (LU), Udligenswil (LU)",,
4122,2022-03-09T20:21:55Z,1963-07-20T00:00:00Z,YYYY-MM-DD,"{'id': 0, 'abbreviation': 'SO', 'code': 'KAN_0_'}",CN,YYYY-MM-DD,YYYY-MM-DD,"{'id': 3, 'abbreviation': 'CE'}",Urs,m,m,Schläfli,YYYY-MM-DD,"{'id': 0, 'entryDate': '2011-12-12T00:00:00Z', 'leavingDate': '2015-11-29T00:00:00Z'}","{'id': 0, 'abbreviation': 'PDC', 'name': None}",Deitingen (SO),,
3904,2022-03-09T20:21:55Z,1965-11-10T00:00:00Z,YYYY-MM-DD,"{'id': 0, 'abbreviation': 'ZH', 'code': 'KAN_0_'}",CN,YYYY-MM-DD,YYYY-MM-DD,"{'id': 3, 'abbreviation': 'CE'}",Barbara,m,f,Schmid-Federer,YYYY-MM-DD,"{'id': 0, 'entryDate': '2011-12-05T00:00:00Z', 'leavingDate': '2015-11-29T00:00:00Z'}","{'id': 0, 'abbreviation': 'PDC', 'name': None}","Ingenbohl (SZ), Rorschach (SG)",,
4060,2022-03-09T20:21:55Z,1967-09-19T00:00:00Z,YYYY-MM-DD,"{'id': 0, 'abbreviation': 'BL', 'code': 'KAN_0_'}",CN,YYYY-MM-DD,YYYY-MM-DD,"{'id': 1, 'abbreviation': 'RL'}",Daniela,m,f,Schneeberger,YYYY-MM-DD,"{'id': 0, 'entryDate': '2011-12-05T00:00:00Z', 'leavingDate': '2015-11-29T00:00:00Z'}","{'id': 0, 'abbreviation': 'PLR', 'name': None}",Thürnen (BL),,
4123,2022-03-09T20:21:55Z,1961-11-26T00:00:00Z,YYYY-MM-DD,"{'id': 0, 'abbreviation': 'FR', 'code': 'KAN_0_'}",CN,YYYY-MM-DD,YYYY-MM-DD,"{'id': 2, 'abbreviation': 'S'}",Ursula,m,f,Schneider Schüttel,YYYY-MM-DD,"{'id': 0, 'entryDate': '2012-05-29T00:00:00Z', 'leavingDate': '2015-11-29T00:00:00Z'}","{'id': 0, 'abbreviation': 'PSS', 'name': None}","Frutigen (BE), Bern (BE)",,
4040,2022-03-09T20:21:55Z,1964-02-19T00:00:00Z,YYYY-MM-DD,"{'id': 0, 'abbreviation': 'BL', 'code': 'KAN_0_'}",CN,YYYY-MM-DD,YYYY-MM-DD,"{'id': 3, 'abbreviation': 'CE'}",Elisabeth,m,f,Schneider-Schneiter,YYYY-MM-DD,"{'id': 0, 'entryDate': '2011-12-05T00:00:00Z', 'leavingDate': '2015-11-29T00:00:00Z'}","{'id': 0, 'abbreviation': 'PDC', 'name': None}","Basel (BS), Lenzburg (AG), Schwendibach (BE)",,
4115,2022-03-09T20:21:55Z,1979-08-23T00:00:00Z,YYYY-MM-DD,"{'id': 0, 'abbreviation': 'VD', 'code': 'KAN_0_'}",CN,YYYY-MM-DD,YYYY-MM-DD,"{'id': 2, 'abbreviation': 'S'}",Jean Christophe,m,m,Schwaab,YYYY-MM-DD,"{'id': 0, 'entryDate': '2011-12-05T00:00:00Z', 'leavingDate': '2015-11-29T00:00:00Z'}","{'id': 0, 'abbreviation': 'PSS', 'name': None}","La Chaux-de-Fonds (NE), Lausanne (VD)",,
1159,2022-03-09T20:21:55Z,1961-12-28T00:00:00Z,YYYY-MM-DD,"{'id': 0, 'abbreviation': 'SZ', 'code': 'KAN_0_'}",CN,YYYY-MM-DD,YYYY-MM-DD,"{'id': 4, 'abbreviation': 'V'}",Pirmin,m,m,Schwander,YYYY-MM-DD,"{'id': 0, 'entryDate': '2011-12-05T00:00:00Z', 'leavingDate': '2015-11-29T00:00:00Z'}","{'id': 0, 'abbreviation': 'UDC', 'name': None}",Galgenen (SZ),,
354,2022-03-09T20:21:55Z,1952-02-08T00:00:00Z,YYYY-MM-DD,"{'id': 0, 'abbreviation': 'GR', 'code': 'KAN_0_'}",CN,YYYY-MM-DD,YYYY-MM-DD,"{'id': 2, 'abbreviation': 'S'}",Silva,m,f,Semadeni,YYYY-MM-DD,"{'id': 0, 'entryDate': '2011-12-05T00:00:00Z', 'leavingDate': '2015-11-29T00:00:00Z'}","{'id': 0, 'abbreviation': 'PSS', 'name': None}",Poschiavo (GR),,
4146,2022-03-09T20:21:55Z,1955-10-11T00:00:00Z,YYYY-MM-DD,"{'id': 0, 'abbreviation': 'BE', 'code': 'KAN_0_'}",CN,YYYY-MM-DD,YYYY-MM-DD,"{'id': 136, 'abbreviation': 'BD'}",Heinz,m,m,Siegenthaler,YYYY-MM-DD,"{'id': 0, 'entryDate': '2014-11-24T00:00:00Z', 'leavingDate': '2015-11-29T00:00:00Z'}","{'id': 0, 'abbreviation': 'PBD', 'name': None}",Eggiwil (BE),,
1120,2022-03-09T20:21:55Z,1959-07-08T00:00:00Z,YYYY-MM-DD,"{'id': 0, 'abbreviation': 'GE', 'code': 'KAN_0_'}",CN,YYYY-MM-DD,YYYY-MM-DD,"{'id': 2, 'abbreviation': 'S'}",Carlo,m,m,Sommaruga,YYYY-MM-DD,"{'id': 0, 'entryDate': '2011-12-05T00:00:00Z', 'leavingDate': '2015-11-29T00:00:00Z'}","{'id': 0, 'abbreviation': 'PSS', 'name': None}",Lugano (TI),,
513,2022-03-09T20:21:55Z,1959-01-09T00:00:00Z,YYYY-MM-DD,"{'id': 0, 'abbreviation': 'TG', 'code': 'KAN_0_'}",CN,YYYY-MM-DD,YYYY-MM-DD,"{'id': 4, 'abbreviation': 'V'}",Peter,m,m,Spuhler,YYYY-MM-DD,"{'id': 0, 'entryDate': '2011-12-05T00:00:00Z', 'leavingDate': '2012-01-21T00:00:00Z'}","{'id': 0, 'abbreviation': 'UDC', 'name': None}",Zürich (ZH),,
513,2022-03-09T20:21:55Z,1959-01-09T00:00:00Z,YYYY-MM-DD,"{'id': 0, 'abbreviation': 'TG', 'code': 'KAN_0_'}",CN,YYYY-MM-DD,YYYY-MM-DD,"{'id': 4, 'abbreviation': 'V'}",Peter,m,m,Spuhler,YYYY-MM-DD,"{'id': 0, 'entryDate': '2012-01-22T00:00:00Z', 'leavingDate': '2012-12-31T00:00:00Z'}","{'id': 0, 'abbreviation': 'UDC', 'name': None}",Zürich (ZH),,
514,2022-03-09T20:21:55Z,1968-01-16T00:00:00Z,YYYY-MM-DD,"{'id': 0, 'abbreviation': 'ZH', 'code': 'KAN_0_'}",CN,YYYY-MM-DD,YYYY-MM-DD,"{'id': 4, 'abbreviation': 'V'}",Jürg,m,m,Stahl,YYYY-MM-DD,"{'id': 0, 'entryDate': '2011-12-05T00:00:00Z', 'leavingDate': '2015-11-29T00:00:00Z'}","{'id': 0, 'abbreviation': 'UDC', 'name': None}","Fischingen (TG), Winterthur (ZH), Lindau (ZH)",,
214,2022-03-09T20:21:55Z,1952-09-09T00:00:00Z,YYYY-MM-DD,"{'id': 0, 'abbreviation': 'AG', 'code': 'KAN_0_'}",CN,YYYY-MM-DD,YYYY-MM-DD,"{'id': 4, 'abbreviation': 'V'}",Luzi,m,m,Stamm,YYYY-MM-DD,"{'id': 0, 'entryDate': '2011-12-05T00:00:00Z', 'leavingDate': '2015-11-29T00:00:00Z'}","{'id': 0, 'abbreviation': 'UDC', 'name': None}",Schleitheim (SH),,
3865,2022-03-09T20:21:55Z,1961-02-07T00:00:00Z,YYYY-MM-DD,"{'id': 0, 'abbreviation': 'FR', 'code': 'KAN_0_'}",CN,YYYY-MM-DD,YYYY-MM-DD,"{'id': 2, 'abbreviation': 'S'}",Jean-François,m,m,Steiert,YYYY-MM-DD,"{'id': 0, 'entryDate': '2011-12-05T00:00:00Z', 'leavingDate': '2015-11-29T00:00:00Z'}","{'id': 0, 'abbreviation': 'PSS', 'name': None}",Rickenbach b. Wil (TG),,
4126,2022-03-09T20:21:55Z,1968-09-16T00:00:00Z,YYYY-MM-DD,"{'id': 0, 'abbreviation': 'BS', 'code': 'KAN_0_'}",CN,YYYY-MM-DD,YYYY-MM-DD,"{'id': 1, 'abbreviation': 'RL'}",Daniel,m,m,Stolz,YYYY-MM-DD,"{'id': 0, 'entryDate': '2012-11-26T00:00:00Z', 'leavingDate': '2015-11-29T00:00:00Z'}","{'id': 0, 'abbreviation': 'PLR', 'name': None}",Basel (BS),,
4036,2022-03-09T20:21:55Z,1957-08-17T00:00:00Z,YYYY-MM-DD,"{'id': 0, 'abbreviation': 'BE', 'code': 'KAN_0_'}",CN,YYYY-MM-DD,YYYY-MM-DD,"{'id': 3, 'abbreviation': 'CE'}",Marianne,m,f,Streiff-Feller,YYYY-MM-DD,"{'id': 0, 'entryDate': '2011-12-05T00:00:00Z', 'leavingDate': '2015-11-29T00:00:00Z'}","{'id': 0, 'abbreviation': 'PEV', 'name': None}","Betschwanden (GL), Strättligen (BE)",,
359,2022-03-09T20:21:55Z,1958-03-07T00:00:00Z,YYYY-MM-DD,"{'id': 0, 'abbreviation': 'BE', 'code': 'KAN_0_'}",CN,YYYY-MM-DD,YYYY-MM-DD,"{'id': 6, 'abbreviation': 'G'}",Franziska,m,f,Teuscher,YYYY-MM-DD,"{'id': 0, 'entryDate': '2011-12-05T00:00:00Z', 'leavingDate': '2013-03-03T00:00:00Z'}","{'id': 0, 'abbreviation': 'VERT-E-S', 'name': None}","Bern (BE), Trub (BE), Erlenbach im Simmental (BE)",,
3907,2022-03-09T20:21:55Z,1971-12-15T00:00:00Z,YYYY-MM-DD,"{'id': 0, 'abbreviation': 'VD', 'code': 'KAN_0_'}",CN,YYYY-MM-DD,YYYY-MM-DD,"{'id': 6, 'abbreviation': 'G'}",Adèle,m,f,Thorens Goumaz,YYYY-MM-DD,"{'id': 0, 'entryDate': '2011-12-05T00:00:00Z', 'leavingDate': '2015-11-29T00:00:00Z'}","{'id': 0, 'abbreviation': 'VERT-E-S', 'name': None}","Ste-Croix (VD), Villarzel (VD)",,
4113,2022-03-09T20:21:55Z,1951-04-20T00:00:00Z,YYYY-MM-DD,"{'id': 0, 'abbreviation': 'GE', 'code': 'KAN_0_'}",CN,YYYY-MM-DD,YYYY-MM-DD,"{'id': 2, 'abbreviation': 'S'}",Manuel,m,m,Tornare,YYYY-MM-DD,"{'id': 0, 'entryDate': '2011-12-05T00:00:00Z', 'leavingDate': '2015-11-29T00:00:00Z'}","{'id': 0, 'abbreviation': 'PSS', 'name': None}",Genève (GE),,
4128,2022-03-09T20:21:55Z,1983-08-26T00:00:00Z,YYYY-MM-DD,"{'id': 0, 'abbreviation': 'BE', 'code': 'KAN_0_'}",CN,YYYY-MM-DD,YYYY-MM-DD,"{'id': 6, 'abbreviation': 'G'}",Aline,m,f,Trede,YYYY-MM-DD,"{'id': 0, 'entryDate': '2013-03-04T00:00:00Z', 'leavingDate': '2015-11-29T00:00:00Z'}","{'id': 0, 'abbreviation': 'VERT-E-S', 'name': None}","Basel (BS), Luzern (LU)",,
224,2022-03-09T20:21:55Z,1952-04-16T00:00:00Z,YYYY-MM-DD,"{'id': 0, 'abbreviation': 'BE', 'code': 'KAN_0_'}",CN,YYYY-MM-DD,YYYY-MM-DD,"{'id': 2, 'abbreviation': 'S'}",Alexander,m,m,Tschäppät,YYYY-MM-DD,"{'id': 0, 'entryDate': '2011-12-05T00:00:00Z', 'leavingDate': '2015-11-29T00:00:00Z'}","{'id': 0, 'abbreviation': 'PSS', 'name': None}",Bözingen bei Biel (BE),,2018-05-04T00:00:00Z
3829,2022-03-09T20:21:55Z,1962-03-11T00:00:00Z,YYYY-MM-DD,"{'id': 0, 'abbreviation': 'SZ', 'code': 'KAN_0_'}",CN,YYYY-MM-DD,YYYY-MM-DD,"{'id': 2, 'abbreviation': 'S'}",Andy,m,m,Tschümperlin,YYYY-MM-DD,"{'id': 0, 'entryDate': '2011-12-05T00:00:00Z', 'leavingDate': '2012-02-19T00:00:00Z'}","{'id': 0, 'abbreviation': 'PSS', 'name': None}","Tablat (SG), Schwyz (SZ)",,
3829,2022-03-09T20:21:55Z,1962-03-11T00:00:00Z,YYYY-MM-DD,"{'id': 0, 'abbreviation': 'SZ', 'code': 'KAN_0_'}",CN,YYYY-MM-DD,YYYY-MM-DD,"{'id': 2, 'abbreviation': 'S'}",Andy,m,m,Tschümperlin,YYYY-MM-DD,"{'id': 0, 'entryDate': '2012-02-20T00:00:00Z', 'leavingDate': '2015-11-29T00:00:00Z'}","{'id': 0, 'abbreviation': 'PSS', 'name': None}","Tablat (SG), Schwyz (SZ)",,
4065,2022-03-09T20:21:55Z,1980-02-14T00:00:00Z,YYYY-MM-DD,"{'id': 0, 'abbreviation': 'BE', 'code': 'KAN_0_'}",CN,YYYY-MM-DD,YYYY-MM-DD,"{'id': 4, 'abbreviation': 'V'}",Nadja,m,f,Umbricht Pieren,YYYY-MM-DD,"{'id': 0, 'entryDate': '2011-12-05T00:00:00Z', 'leavingDate': '2015-11-29T00:00:00Z'}","{'id': 0, 'abbreviation': 'UDC', 'name': None}",Adelboden (BE),,
3924,2022-03-09T20:21:55Z,1950-01-20T00:00:00Z,YYYY-MM-DD,"{'id': 0, 'abbreviation': 'VD', 'code': 'KAN_0_'}",CN,YYYY-MM-DD,YYYY-MM-DD,"{'id': 6, 'abbreviation': 'G'}",Christian,m,m,van Singer,YYYY-MM-DD,"{'id': 0, 'entryDate': '2011-12-05T00:00:00Z', 'leavingDate': '2015-11-29T00:00:00Z'}","{'id': 0, 'abbreviation': 'VERT-E-S', 'name': None}",Lausanne (VD),,
1123,2022-03-09T20:21:55Z,1950-04-30T00:00:00Z,YYYY-MM-DD,"{'id': 0, 'abbreviation': 'VD', 'code': 'KAN_0_'}",CN,YYYY-MM-DD,YYYY-MM-DD,"{'id': 4, 'abbreviation': 'V'}",Pierre-François,m,m,Veillon,YYYY-MM-DD,"{'id': 0, 'entryDate': '2011-12-05T00:00:00Z', 'leavingDate': '2015-11-29T00:00:00Z'}","{'id': 0, 'abbreviation': 'UDC', 'name': None}",Bex (VD),,
1110,2022-03-09T20:21:55Z,1950-01-16T00:00:00Z,YYYY-MM-DD,"{'id': 0, 'abbreviation': 'ZH', 'code': 'KAN_0_'}",CN,YYYY-MM-DD,YYYY-MM-DD,"{'id': 6, 'abbreviation': 'G'}",Daniel,m,m,Vischer,YYYY-MM-DD,"{'id': 0, 'entryDate': '2011-12-05T00:00:00Z', 'leavingDate': '2015-11-29T00:00:00Z'}","{'id': 0, 'abbreviation': 'VERT-E-S', 'name': None}",Basel (BS),,2017-01-17T00:00:00Z
4054,2022-03-09T20:21:55Z,1955-06-26T00:00:00Z,YYYY-MM-DD,"{'id': 0, 'abbreviation': 'LU', 'code': 'KAN_0_'}",CN,YYYY-MM-DD,YYYY-MM-DD,"{'id': 1, 'abbreviation': 'RL'}",Albert,m,m,Vitali,YYYY-MM-DD,"{'id': 0, 'entryDate': '2011-12-05T00:00:00Z', 'leavingDate': '2015-11-29T00:00:00Z'}","{'id': 0, 'abbreviation': 'PLR', 'name': None}","Oberkirch (LU), Elsau (ZH)",,2020-06-12T00:00:00Z
4085,2022-03-09T20:21:55Z,1956-03-24T00:00:00Z,YYYY-MM-DD,"{'id': 0, 'abbreviation': 'OW', 'code': 'KAN_0_'}",CN,YYYY-MM-DD,YYYY-MM-DD,"{'id': 3, 'abbreviation': 'CE'}",Karl,m,m,Vogler,YYYY-MM-DD,"{'id': 0, 'entryDate': '2011-12-05T00:00:00Z', 'leavingDate': '2015-11-29T00:00:00Z'}","{'id': 0, 'abbreviation': 'csp-ow', 'name': None}",Lungern (OW),,
3908,2022-03-09T20:21:55Z,1962-08-16T00:00:00Z,YYYY-MM-DD,"{'id': 0, 'abbreviation': 'BE', 'code': 'KAN_0_'}",CN,YYYY-MM-DD,YYYY-MM-DD,"{'id': 6, 'abbreviation': 'G'}",Alec,m,m,von Graffenried,YYYY-MM-DD,"{'id': 0, 'entryDate': '2011-12-05T00:00:00Z', 'leavingDate': '2015-06-05T00:00:00Z'}","{'id': 0, 'abbreviation': 'VERT-E-S', 'name': None}",Bern (BE),,
3910,2022-03-09T20:21:55Z,1958-12-30T00:00:00Z,YYYY-MM-DD,"{'id': 0, 'abbreviation': 'BE', 'code': 'KAN_0_'}",CN,YYYY-MM-DD,YYYY-MM-DD,"{'id': 4, 'abbreviation': 'V'}",Erich,m,m,von Siebenthal,YYYY-MM-DD,"{'id': 0, 'entryDate': '2011-12-05T00:00:00Z', 'leavingDate': '2015-11-29T00:00:00Z'}","{'id': 0, 'abbreviation': 'UDC', 'name': None}",Saanen (BE),,
3911,2022-03-09T20:21:55Z,1945-07-05T00:00:00Z,YYYY-MM-DD,"{'id': 0, 'abbreviation': 'VD', 'code': 'KAN_0_'}",CN,YYYY-MM-DD,YYYY-MM-DD,"{'id': 2, 'abbreviation': 'S'}",Eric,m,m,Voruz,YYYY-MM-DD,"{'id': 0, 'entryDate': '2011-12-05T00:00:00Z', 'leavingDate': '2015-11-29T00:00:00Z'}","{'id': 0, 'abbreviation': 'PSS', 'name': None}","Sottens (VD), Moudon (VD)",,
519,2022-03-09T20:21:55Z,1951-02-05T00:00:00Z,YYYY-MM-DD,"{'id': 0, 'abbreviation': 'TG', 'code': 'KAN_0_'}",CN*,YYYY-MM-DD,YYYY-MM-DD,"{'id': 4, 'abbreviation': 'V'}",Hansjörg,p,m,Walter,YYYY-MM-DD,"{'id': 0, 'entryDate': '2011-12-05T00:00:00Z', 'leavingDate': '2012-11-25T00:00:00Z'}","{'id': 0, 'abbreviation': 'UDC', 'name': None}",Löhningen (SH),,
519,2022-03-09T20:21:55Z,1951-02-05T00:00:00Z,YYYY-MM-DD,"{'id': 0, 'abbreviation': 'TG', 'code': 'KAN_0_'}",CN,YYYY-MM-DD,YYYY-MM-DD,"{'id': 4, 'abbreviation': 'V'}",Hansjörg,m,m,Walter,YYYY-MM-DD,"{'id': 0, 'entryDate': '2012-11-26T00:00:00Z', 'leavingDate': '2015-11-29T00:00:00Z'}","{'id': 0, 'abbreviation': 'UDC', 'name': None}",Löhningen (SH),,
4142,2022-03-09T20:21:55Z,1968-11-22T00:00:00Z,YYYY-MM-DD,"{'id': 0, 'abbreviation': 'ZH', 'code': 'KAN_0_'}",CN,YYYY-MM-DD,YYYY-MM-DD,"{'id': 1, 'abbreviation': 'RL'}",Beat,m,m,Walti,YYYY-MM-DD,"{'id': 0, 'entryDate': '2014-06-02T00:00:00Z', 'leavingDate': '2015-11-29T00:00:00Z'}","{'id': 0, 'abbreviation': 'PLR', 'name': None}","Dürrenäsch (AG), Zollikon (ZH)",,
520,2022-03-09T20:21:55Z,1952-01-16T00:00:00Z,YYYY-MM-DD,"{'id': 0, 'abbreviation': 'BE', 'code': 'KAN_0_'}",CN,YYYY-MM-DD,YYYY-MM-DD,"{'id': 4, 'abbreviation': 'V'}",Hansruedi,m,m,Wandfluh,YYYY-MM-DD,"{'id': 0, 'entryDate': '2011-12-05T00:00:00Z', 'leavingDate': '2014-12-31T00:00:00Z'}","{'id': 0, 'abbreviation': 'UDC', 'name': None}",Kandergrund (BE),,
3912,2022-03-09T20:21:55Z,1981-06-30T00:00:00Z,YYYY-MM-DD,"{'id': 0, 'abbreviation': 'BE', 'code': 'KAN_0_'}",CN,YYYY-MM-DD,YYYY-MM-DD,"{'id': 1, 'abbreviation': 'RL'}",Christian,m,m,Wasserfallen,YYYY-MM-DD,"{'id': 0, 'entryDate': '2011-12-05T00:00:00Z', 'leavingDate': '2015-11-29T00:00:00Z'}","{'id': 0, 'abbreviation': 'PLR', 'name': None}",Wileroltigen (BE),,
3931,2022-03-09T20:21:55Z,1954-07-14T00:00:00Z,YYYY-MM-DD,"{'id': 0, 'abbreviation': 'ZH', 'code': 'KAN_0_'}",CN,YYYY-MM-DD,YYYY-MM-DD,"{'id': 137, 'abbreviation': 'GL'}",Thomas,m,m,Weibel,YYYY-MM-DD,"{'id': 0, 'entryDate': '2011-12-05T00:00:00Z', 'leavingDate': '2015-11-29T00:00:00Z'}","{'id': 0, 'abbreviation': 'pvl', 'name': None}","Horgen (ZH), Schongau (LU)",,
4057,2022-03-09T20:21:55Z,1986-02-19T00:00:00Z,YYYY-MM-DD,"{'id': 0, 'abbreviation': 'AG', 'code': 'KAN_0_'}",CN,YYYY-MM-DD,YYYY-MM-DD,"{'id': 2, 'abbreviation': 'S'}",Cédric,m,m,Wermuth,YYYY-MM-DD,"{'id': 0, 'entryDate': '2011-12-05T00:00:00Z', 'leavingDate': '2015-11-29T00:00:00Z'}","{'id': 0, 'abbreviation': 'PSS', 'name': None}",Eggiwil (BE),,
4148,2022-03-09T20:21:55Z,1955-11-26T00:00:00Z,YYYY-MM-DD,"{'id': 0, 'abbreviation': 'ZH', 'code': 'KAN_0_'}",CN,YYYY-MM-DD,YYYY-MM-DD,"{'id': 136, 'abbreviation': 'BD'}",Rudolf,m,m,Winkler,YYYY-MM-DD,"{'id': 0, 'entryDate': '2015-03-02T00:00:00Z', 'leavingDate': '2015-11-29T00:00:00Z'}","{'id': 0, 'abbreviation': 'PBD', 'name': None}",Schwerzenbach (ZH),,
1142,2022-03-09T20:21:55Z,1957-11-21T00:00:00Z,YYYY-MM-DD,"{'id': 0, 'abbreviation': 'SO', 'code': 'KAN_0_'}",CN,YYYY-MM-DD,YYYY-MM-DD,"{'id': 4, 'abbreviation': 'V'}",Walter,m,m,Wobmann,YYYY-MM-DD,"{'id': 0, 'entryDate': '2011-12-05T00:00:00Z', 'leavingDate': '2015-11-29T00:00:00Z'}","{'id': 0, 'abbreviation': 'UDC', 'name': None}",Schüpfheim (LU),,
522,2022-03-09T20:21:55Z,1973-02-08T00:00:00Z,YYYY-MM-DD,"{'id': 0, 'abbreviation': 'BE', 'code': 'KAN_0_'}",CN,YYYY-MM-DD,YYYY-MM-DD,"{'id': 2, 'abbreviation': 'S'}",Ursula,m,f,Wyss,YYYY-MM-DD,"{'id': 0, 'entryDate': '2011-12-05T00:00:00Z', 'leavingDate': '2012-02-19T00:00:00Z'}","{'id': 0, 'abbreviation': 'PSS', 'name': None}","Buchholterberg (BE), Köniz (BE)",,
522,2022-03-09T20:21:55Z,1973-02-08T00:00:00Z,YYYY-MM-DD,"{'id': 0, 'abbreviation': 'BE', 'code': 'KAN_0_'}",CN,YYYY-MM-DD,YYYY-MM-DD,"{'id': 2, 'abbreviation': 'S'}",Ursula,m,f,Wyss,YYYY-MM-DD,"{'id': 0, 'entryDate': '2012-02-20T00:00:00Z', 'leavingDate': '2013-03-03T00:00:00Z'}","{'id': 0, 'abbreviation': 'PSS', 'name': None}","Buchholterberg (BE), Köniz (BE)",,
4105,2022-03-09T20:21:55Z,1955-02-24T00:00:00Z,YYYY-MM-DD,"{'id': 0, 'abbreviation': 'ZH', 'code': 'KAN_0_'}",CN,YYYY-MM-DD,YYYY-MM-DD,"{'id': 136, 'abbreviation': 'BD'}",Lothar,m,m,Ziörjen,YYYY-MM-DD,"{'id': 0, 'entryDate': '2011-12-05T00:00:00Z', 'leavingDate': '2015-01-17T00:00:00Z'}","{'id': 0, 'abbreviation': 'PBD', 'name': None}","Zweisimmen (BE), Dübendorf (ZH)",,
526,2022-03-09T20:21:55Z,1952-02-24T00:00:00Z,YYYY-MM-DD,"{'id': 0, 'abbreviation': 'ZH', 'code': 'KAN_0_'}",CN,YYYY-MM-DD,YYYY-MM-DD,"{'id': 4, 'abbreviation': 'V'}",Bruno,m,m,Zuppiger,YYYY-MM-DD,"{'id': 0, 'entryDate': '2011-12-05T00:00:00Z', 'leavingDate': '2012-01-21T00:00:00Z'}","{'id': 0, 'abbreviation': 'UDC', 'name': None}","Jona (SG), Hinwil (ZH)",,2016-02-19T00:00:00Z
526,2022-03-09T20:21:55Z,1952-02-24T00:00:00Z,YYYY-MM-DD,"{'id': 0, 'abbreviation': 'ZH', 'code': 'KAN_0_'}",CN,YYYY-MM-DD,YYYY-MM-DD,"{'id': 4, 'abbreviation': 'V'}",Bruno,m,m,Zuppiger,YYYY-MM-DD,"{'id': 0, 'entryDate': '2012-01-22T00:00:00Z', 'leavingDate': '2012-09-10T00:00:00Z'}","{'id': 0, 'abbreviation': 'UDC', 'name': None}","Jona (SG), Hinwil (ZH)",False,2016-02-19T00:00:00Z
